valueDate,notes,organization,email,clientName,amount,currency
27-Nov-19,Job Done,Ever Technologies LTD,alish@qwerty.co.ke,CC,173.33,USD
27-Nov-19,Job Done,Ever Technologies LTD,alish@qwerty.co.ke,NA,375,USD
20-Nov-19,Job Done,Ever Technologies LTD,alish@qwerty.co.ke,CC,110,USD
20-Nov-19,Job Done,Ever Technologies LTD,alish@qwerty.co.ke,NA,466.67,USD
13-Nov-19,Job Done,Ever Technologies LTD,alish@qwerty.co.ke,CC,316.67,USD
13-Nov-19,Job Done,Ever Technologies LTD,alish@qwerty.co.ke,NA,616.67,USD
6-Nov-19,Job Done,Ever Technologies LTD,alish@qwerty.co.ke,CC,50,USD
6-Nov-19,Job Done,Ever Technologies LTD,alish@qwerty.co.ke,NA,866.67,USD
27-Nov-19,Job Done,Ever Technologies LTD,alish@qwerty.co.ke,LZ,445,USD
20-Nov-19,Job Done,Ever Technologies LTD,ruslan@qwerty.co.ke,LZ,437.5,USD
13-Nov-19,Job Done,Ever Technologies LTD,ruslan@qwerty.co.ke,LZ,432.5,USD
6-Nov-19,Job Done,Ever Technologies LTD,ruslan@qwerty.co.ke,LZ,442.5,USD
27-Nov-19,Job Done,Ever Technologies LTD,elvis@qwerty.co.ke,LZ,693.33,USD
20-Nov-19,Job Done,Ever Technologies LTD,elvis@qwerty.co.ke,LZ,523.33,USD
13-Nov-19,Job Done,Ever Technologies LTD,elvis@qwerty.co.ke,LZ,663.33,USD
6-Nov-19,Job Done,Ever Technologies LTD,elvis@qwerty.co.ke,LZ,403.33,USD
27-Nov-19,Job Done,Ever Technologies LTD,hristo@qwerty.co.ke,NA,570,USD
20-Nov-19,Job Done,Ever Technologies LTD,hristo@qwerty.co.ke,NA,562.5,USD
13-Nov-19,Job Done,Ever Technologies LTD,hristo@qwerty.co.ke,NA,600,USD
6-Nov-19,Job Done,Ever Technologies LTD,hristo@qwerty.co.ke,NA,572.5,USD
29-Oct-21,Job Done,Ever Technologies LTD,alish@qwerty.co.ke,ID,854,USD
04-Oct-21,Job Done,Ever Technologies LTD,alish@qwerty.co.ke,CL,255,USD
30-Oct-21,Job Done,Ever Technologies LTD,alish@qwerty.co.ke,AE,188,USD
02-Nov-21,Job Done,Ever Technologies LTD,alish@qwerty.co.ke,PL,437,USD
28-Sep-21,Job Done,Ever Technologies LTD,alish@qwerty.co.ke,ID,198,USD
25-Jan-22,Job Done,Ever Technologies LTD,alish@qwerty.co.ke,PH,447,USD
24-Nov-21,Job Done,Ever Technologies LTD,alish@qwerty.co.ke,FI,930,USD
05-Oct-21,Job Done,Ever Technologies LTD,alish@qwerty.co.ke,CN,875,USD
01-Oct-21,Job Done,Ever Technologies LTD,alish@qwerty.co.ke,NZ,262,USD
26-Jan-22,Job Done,Ever Technologies LTD,alish@qwerty.co.ke,ID,107,USD
24-Jan-22,Job Done,Ever Technologies LTD,alish@qwerty.co.ke,ID,504,USD
26-Nov-21,Job Done,Ever Technologies LTD,alish@qwerty.co.ke,ID,935,USD
15-Oct-21,Job Done,Ever Technologies LTD,alish@qwerty.co.ke,UA,417,USD
30-Nov-21,Job Done,Ever Technologies LTD,alish@qwerty.co.ke,BR,959,USD
14-Jan-22,Job Done,Ever Technologies LTD,alish@qwerty.co.ke,UA,960,USD
20-Jan-22,Job Done,Ever Technologies LTD,alish@qwerty.co.ke,JP,291,USD
07-Dec-21,Job Done,Ever Technologies LTD,alish@qwerty.co.ke,BR,662,USD
05-Nov-21,Job Done,Ever Technologies LTD,alish@qwerty.co.ke,PT,872,USD
01-Nov-21,Job Done,Ever Technologies LTD,alish@qwerty.co.ke,PH,338,USD
11-Nov-21,Job Done,Ever Technologies LTD,alish@qwerty.co.ke,ID,274,USD
23-Nov-21,Job Done,Ever Technologies LTD,alish@qwerty.co.ke,TH,492,USD
02-Nov-21,Job Done,Ever Technologies LTD,alish@qwerty.co.ke,PL,747,USD
20-Oct-21,Job Done,Ever Technologies LTD,alish@qwerty.co.ke,ID,441,USD
24-Dec-21,Job Done,Ever Technologies LTD,alish@qwerty.co.ke,CN,763,USD
08-Jan-22,Job Done,Ever Technologies LTD,alish@qwerty.co.ke,CN,388,USD
31-Dec-21,Job Done,Ever Technologies LTD,alish@qwerty.co.ke,CO,429,USD
25-Dec-21,Job Done,Ever Technologies LTD,alish@qwerty.co.ke,BA,338,USD
21-Jan-22,Job Done,Ever Technologies LTD,alish@qwerty.co.ke,BR,564,USD
27-Sep-21,Job Done,Ever Technologies LTD,alish@qwerty.co.ke,ID,640,USD
26-Nov-21,Job Done,Ever Technologies LTD,alish@qwerty.co.ke,RU,862,USD
20-Dec-21,Job Done,Ever Technologies LTD,alish@qwerty.co.ke,RU,499,USD
22-Oct-21,Job Done,Ever Technologies LTD,alish@qwerty.co.ke,PH,467,USD
04-Oct-21,Job Done,Ever Technologies LTD,alish@qwerty.co.ke,FI,125,USD
02-Nov-21,Job Done,Ever Technologies LTD,alish@qwerty.co.ke,ID,825,USD
07-Oct-21,Job Done,Ever Technologies LTD,alish@qwerty.co.ke,SE,736,USD
15-Dec-21,Job Done,Ever Technologies LTD,alish@qwerty.co.ke,FI,881,USD
12-Nov-21,Job Done,Ever Technologies LTD,alish@qwerty.co.ke,BR,450,USD
09-Jan-22,Job Done,Ever Technologies LTD,alish@qwerty.co.ke,PH,193,USD
03-Jan-22,Job Done,Ever Technologies LTD,alish@qwerty.co.ke,CN,759,USD
11-Oct-21,Job Done,Ever Technologies LTD,alish@qwerty.co.ke,CN,442,USD
29-Dec-21,Job Done,Ever Technologies LTD,alish@qwerty.co.ke,CA,698,USD
31-Oct-21,Job Done,Ever Technologies LTD,alish@qwerty.co.ke,JP,394,USD
11-Jan-22,Job Done,Ever Technologies LTD,alish@qwerty.co.ke,PT,868,USD
02-Nov-21,Job Done,Ever Technologies LTD,alish@qwerty.co.ke,ID,761,USD
17-Jan-22,Job Done,Ever Technologies LTD,alish@qwerty.co.ke,ID,250,USD
06-Nov-21,Job Done,Ever Technologies LTD,alish@qwerty.co.ke,LA,887,USD
18-Oct-21,Job Done,Ever Technologies LTD,alish@qwerty.co.ke,CN,599,USD
14-Nov-21,Job Done,Ever Technologies LTD,alish@qwerty.co.ke,JM,696,USD
02-Nov-21,Job Done,Ever Technologies LTD,alish@qwerty.co.ke,CN,206,USD
02-Dec-21,Job Done,Ever Technologies LTD,alish@qwerty.co.ke,CN,616,USD
11-Dec-21,Job Done,Ever Technologies LTD,alish@qwerty.co.ke,ID,480,USD
26-Oct-21,Job Done,Ever Technologies LTD,alish@qwerty.co.ke,CN,656,USD
06-Dec-21,Job Done,Ever Technologies LTD,alish@qwerty.co.ke,SE,132,USD
23-Dec-21,Job Done,Ever Technologies LTD,alish@qwerty.co.ke,CD,601,USD
22-Jan-22,Job Done,Ever Technologies LTD,alish@qwerty.co.ke,MX,868,USD
11-Jan-22,Job Done,Ever Technologies LTD,alish@qwerty.co.ke,CN,106,USD
06-Oct-21,Job Done,Ever Technologies LTD,ruslan@qwerty.co.ke,PL,938,USD
20-Oct-21,Job Done,Ever Technologies LTD,ruslan@qwerty.co.ke,MK,523,USD
14-Nov-21,Job Done,Ever Technologies LTD,ruslan@qwerty.co.ke,ID,899,USD
12-Jan-22,Job Done,Ever Technologies LTD,ruslan@qwerty.co.ke,US,967,USD
12-Oct-21,Job Done,Ever Technologies LTD,ruslan@qwerty.co.ke,CN,264,USD
01-Jan-22,Job Done,Ever Technologies LTD,ruslan@qwerty.co.ke,PH,985,USD
21-Dec-21,Job Done,Ever Technologies LTD,ruslan@qwerty.co.ke,RU,284,USD
19-Oct-21,Job Done,Ever Technologies LTD,ruslan@qwerty.co.ke,SE,797,USD
14-Dec-21,Job Done,Ever Technologies LTD,ruslan@qwerty.co.ke,CN,363,USD
19-Dec-21,Job Done,Ever Technologies LTD,ruslan@qwerty.co.ke,PH,866,USD
22-Nov-21,Job Done,Ever Technologies LTD,ruslan@qwerty.co.ke,AF,850,USD
28-Nov-21,Job Done,Ever Technologies LTD,ruslan@qwerty.co.ke,PH,924,USD
27-Oct-21,Job Done,Ever Technologies LTD,ruslan@qwerty.co.ke,CN,641,USD
21-Dec-21,Job Done,Ever Technologies LTD,ruslan@qwerty.co.ke,US,132,USD
30-Nov-21,Job Done,Ever Technologies LTD,ruslan@qwerty.co.ke,BA,202,USD
13-Dec-21,Job Done,Ever Technologies LTD,ruslan@qwerty.co.ke,LR,881,USD
21-Jan-22,Job Done,Ever Technologies LTD,ruslan@qwerty.co.ke,UA,698,USD
03-Nov-21,Job Done,Ever Technologies LTD,ruslan@qwerty.co.ke,CN,489,USD
14-Nov-21,Job Done,Ever Technologies LTD,ruslan@qwerty.co.ke,PT,688,USD
29-Sep-21,Job Done,Ever Technologies LTD,ruslan@qwerty.co.ke,VN,517,USD
03-Oct-21,Job Done,Ever Technologies LTD,ruslan@qwerty.co.ke,TZ,898,USD
14-Jan-22,Job Done,Ever Technologies LTD,ruslan@qwerty.co.ke,MX,569,USD
21-Nov-21,Job Done,Ever Technologies LTD,ruslan@qwerty.co.ke,CN,508,USD
07-Nov-21,Job Done,Ever Technologies LTD,ruslan@qwerty.co.ke,CN,648,USD
14-Dec-21,Job Done,Ever Technologies LTD,ruslan@qwerty.co.ke,CN,1000,USD
04-Nov-21,Job Done,Ever Technologies LTD,ruslan@qwerty.co.ke,MX,236,USD
03-Nov-21,Job Done,Ever Technologies LTD,ruslan@qwerty.co.ke,RS,685,USD
27-Sep-21,Job Done,Ever Technologies LTD,ruslan@qwerty.co.ke,BR,115,USD
28-Nov-21,Job Done,Ever Technologies LTD,ruslan@qwerty.co.ke,NG,241,USD
08-Nov-21,Job Done,Ever Technologies LTD,ruslan@qwerty.co.ke,PN,858,USD
12-Oct-21,Job Done,Ever Technologies LTD,ruslan@qwerty.co.ke,UA,221,USD
10-Nov-21,Job Done,Ever Technologies LTD,ruslan@qwerty.co.ke,PH,804,USD
01-Nov-21,Job Done,Ever Technologies LTD,ruslan@qwerty.co.ke,KE,945,USD
12-Nov-21,Job Done,Ever Technologies LTD,ruslan@qwerty.co.ke,PK,347,USD
07-Jan-22,Job Done,Ever Technologies LTD,ruslan@qwerty.co.ke,TJ,635,USD
29-Nov-21,Job Done,Ever Technologies LTD,ruslan@qwerty.co.ke,JP,417,USD
13-Jan-22,Job Done,Ever Technologies LTD,ruslan@qwerty.co.ke,PL,138,USD
19-Nov-21,Job Done,Ever Technologies LTD,ruslan@qwerty.co.ke,SE,743,USD
17-Dec-21,Job Done,Ever Technologies LTD,ruslan@qwerty.co.ke,ID,284,USD
17-Dec-21,Job Done,Ever Technologies LTD,ruslan@qwerty.co.ke,BY,173,USD
24-Jan-22,Job Done,Ever Technologies LTD,ruslan@qwerty.co.ke,CN,980,USD
30-Oct-21,Job Done,Ever Technologies LTD,ruslan@qwerty.co.ke,AR,460,USD
14-Nov-21,Job Done,Ever Technologies LTD,ruslan@qwerty.co.ke,CN,495,USD
26-Jan-22,Job Done,Ever Technologies LTD,ruslan@qwerty.co.ke,VN,138,USD
16-Dec-21,Job Done,Ever Technologies LTD,ruslan@qwerty.co.ke,CN,206,USD
30-Sep-21,Job Done,Ever Technologies LTD,ruslan@qwerty.co.ke,PH,718,USD
11-Jan-22,Job Done,Ever Technologies LTD,ruslan@qwerty.co.ke,LK,536,USD
13-Nov-21,Job Done,Ever Technologies LTD,ruslan@qwerty.co.ke,ID,386,USD
19-Nov-21,Job Done,Ever Technologies LTD,ruslan@qwerty.co.ke,PT,417,USD
06-Oct-21,Job Done,Ever Technologies LTD,ruslan@qwerty.co.ke,ID,211,USD
06-Jan-22,Job Done,Ever Technologies LTD,ruslan@qwerty.co.ke,ID,437,USD
24-Dec-21,Job Done,Ever Technologies LTD,ruslan@qwerty.co.ke,US,132,USD
31-Dec-21,Job Done,Ever Technologies LTD,ruslan@qwerty.co.ke,PK,385,USD
02-Nov-21,Job Done,Ever Technologies LTD,ruslan@qwerty.co.ke,CN,542,USD
20-Jan-22,Job Done,Ever Technologies LTD,ruslan@qwerty.co.ke,AZ,327,USD
14-Jan-22,Job Done,Ever Technologies LTD,ruslan@qwerty.co.ke,CN,977,USD
06-Dec-21,Job Done,Ever Technologies LTD,ruslan@qwerty.co.ke,CN,544,USD
22-Oct-21,Job Done,Ever Technologies LTD,ruslan@qwerty.co.ke,PH,175,USD
22-Nov-21,Job Done,Ever Technologies LTD,ruslan@qwerty.co.ke,US,522,USD
05-Dec-21,Job Done,Ever Technologies LTD,ruslan@qwerty.co.ke,PH,353,USD
23-Oct-21,Job Done,Ever Technologies LTD,ruslan@qwerty.co.ke,AR,860,USD
09-Dec-21,Job Done,Ever Technologies LTD,ruslan@qwerty.co.ke,SI,871,USD
17-Nov-21,Job Done,Ever Technologies LTD,ruslan@qwerty.co.ke,MA,229,USD
21-Nov-21,Job Done,Ever Technologies LTD,ruslan@qwerty.co.ke,NG,960,USD
10-Nov-21,Job Done,Ever Technologies LTD,ruslan@qwerty.co.ke,MA,256,USD
26-Dec-21,Job Done,Ever Technologies LTD,ruslan@qwerty.co.ke,PL,977,USD
16-Jan-22,Job Done,Ever Technologies LTD,ruslan@qwerty.co.ke,BY,465,USD
30-Oct-21,Job Done,Ever Technologies LTD,ruslan@qwerty.co.ke,EG,841,USD
26-Dec-21,Job Done,Ever Technologies LTD,ruslan@qwerty.co.ke,CO,346,USD
23-Nov-21,Job Done,Ever Technologies LTD,ruslan@qwerty.co.ke,SV,890,USD
27-Nov-21,Job Done,Ever Technologies LTD,ruslan@qwerty.co.ke,CN,509,USD
12-Dec-21,Job Done,Ever Technologies LTD,ruslan@qwerty.co.ke,CZ,128,USD
09-Oct-21,Job Done,Ever Technologies LTD,ruslan@qwerty.co.ke,CN,415,USD
20-Jan-22,Job Done,Ever Technologies LTD,ruslan@qwerty.co.ke,CN,814,USD
28-Nov-21,Job Done,Ever Technologies LTD,ruslan@qwerty.co.ke,CN,189,USD
03-Nov-21,Job Done,Ever Technologies LTD,ruslan@qwerty.co.ke,SY,768,USD
01-Dec-21,Job Done,Ever Technologies LTD,ruslan@qwerty.co.ke,CZ,306,USD
10-Oct-21,Job Done,Ever Technologies LTD,ruslan@qwerty.co.ke,UA,497,USD
16-Jan-22,Job Done,Ever Technologies LTD,ruslan@qwerty.co.ke,MX,808,USD
05-Jan-22,Job Done,Ever Technologies LTD,ruslan@qwerty.co.ke,UG,829,USD
26-Oct-21,Job Done,Ever Technologies LTD,ruslan@qwerty.co.ke,US,377,USD
21-Jan-22,Job Done,Ever Technologies LTD,ruslan@qwerty.co.ke,CN,747,USD
28-Nov-21,Job Done,Ever Technologies LTD,ruslan@qwerty.co.ke,KE,829,USD
14-Dec-21,Job Done,Ever Technologies LTD,ruslan@qwerty.co.ke,BR,268,USD
16-Dec-21,Job Done,Ever Technologies LTD,ruslan@qwerty.co.ke,JP,292,USD
28-Sep-21,Job Done,Ever Technologies LTD,ruslan@qwerty.co.ke,CN,679,USD
24-Oct-21,Job Done,Ever Technologies LTD,ruslan@qwerty.co.ke,IE,410,USD
07-Nov-21,Job Done,Ever Technologies LTD,ruslan@qwerty.co.ke,BR,515,USD
04-Nov-21,Job Done,Ever Technologies LTD,ruslan@qwerty.co.ke,VN,304,USD
19-Jan-22,Job Done,Ever Technologies LTD,ruslan@qwerty.co.ke,PE,681,USD
29-Dec-21,Job Done,Ever Technologies LTD,ruslan@qwerty.co.ke,VE,908,USD
29-Nov-21,Job Done,Ever Technologies LTD,ruslan@qwerty.co.ke,BR,904,USD
19-Jan-22,Job Done,Ever Technologies LTD,ruslan@qwerty.co.ke,RU,825,USD
12-Nov-21,Job Done,Ever Technologies LTD,ruslan@qwerty.co.ke,CN,980,USD
22-Jan-22,Job Done,Ever Technologies LTD,ruslan@qwerty.co.ke,UG,636,USD
03-Jan-22,Job Done,Ever Technologies LTD,ruslan@qwerty.co.ke,CN,748,USD
17-Dec-21,Job Done,Ever Technologies LTD,ruslan@qwerty.co.ke,DE,649,USD
26-Jan-22,Job Done,Ever Technologies LTD,ruslan@qwerty.co.ke,BR,990,USD
19-Dec-21,Job Done,Ever Technologies LTD,ruslan@qwerty.co.ke,ID,418,USD
14-Dec-21,Job Done,Ever Technologies LTD,ruslan@qwerty.co.ke,PE,508,USD
18-Jan-22,Job Done,Ever Technologies LTD,ruslan@qwerty.co.ke,PH,834,USD
20-Nov-21,Job Done,Ever Technologies LTD,booster@qwerty.co.ke,AZ,553,USD
26-Jan-22,Job Done,Ever Technologies LTD,booster@qwerty.co.ke,US,134,USD
18-Oct-21,Job Done,Ever Technologies LTD,booster@qwerty.co.ke,BW,462,USD
16-Nov-21,Job Done,Ever Technologies LTD,booster@qwerty.co.ke,CN,236,USD
25-Nov-21,Job Done,Ever Technologies LTD,booster@qwerty.co.ke,ID,553,USD
24-Dec-21,Job Done,Ever Technologies LTD,booster@qwerty.co.ke,PE,457,USD
26-Oct-21,Job Done,Ever Technologies LTD,booster@qwerty.co.ke,UA,631,USD
15-Nov-21,Job Done,Ever Technologies LTD,booster@qwerty.co.ke,PH,302,USD
15-Oct-21,Job Done,Ever Technologies LTD,booster@qwerty.co.ke,CN,256,USD
17-Jan-22,Job Done,Ever Technologies LTD,booster@qwerty.co.ke,TH,211,USD
01-Jan-22,Job Done,Ever Technologies LTD,booster@qwerty.co.ke,FR,326,USD
11-Nov-21,Job Done,Ever Technologies LTD,booster@qwerty.co.ke,AM,373,USD
26-Jan-22,Job Done,Ever Technologies LTD,booster@qwerty.co.ke,KZ,410,USD
21-Nov-21,Job Done,Ever Technologies LTD,booster@qwerty.co.ke,AR,287,USD
25-Jan-22,Job Done,Ever Technologies LTD,booster@qwerty.co.ke,OM,314,USD
14-Nov-21,Job Done,Ever Technologies LTD,booster@qwerty.co.ke,BR,557,USD
09-Nov-21,Job Done,Ever Technologies LTD,booster@qwerty.co.ke,ID,750,USD
17-Dec-21,Job Done,Ever Technologies LTD,booster@qwerty.co.ke,RU,127,USD
12-Oct-21,Job Done,Ever Technologies LTD,booster@qwerty.co.ke,PH,434,USD
10-Oct-21,Job Done,Ever Technologies LTD,booster@qwerty.co.ke,OM,281,USD
01-Nov-21,Job Done,Ever Technologies LTD,booster@qwerty.co.ke,PH,398,USD
06-Jan-22,Job Done,Ever Technologies LTD,booster@qwerty.co.ke,CN,372,USD
01-Oct-21,Job Done,Ever Technologies LTD,booster@qwerty.co.ke,ID,555,USD
30-Sep-21,Job Done,Ever Technologies LTD,booster@qwerty.co.ke,PT,246,USD
23-Jan-22,Job Done,Ever Technologies LTD,booster@qwerty.co.ke,GR,532,USD
10-Dec-21,Job Done,Ever Technologies LTD,booster@qwerty.co.ke,ID,188,USD
24-Nov-21,Job Done,Ever Technologies LTD,booster@qwerty.co.ke,MA,432,USD
02-Nov-21,Job Done,Ever Technologies LTD,booster@qwerty.co.ke,CN,928,USD
03-Jan-22,Job Done,Ever Technologies LTD,booster@qwerty.co.ke,PH,653,USD
13-Nov-21,Job Done,Ever Technologies LTD,booster@qwerty.co.ke,US,397,USD
31-Oct-21,Job Done,Ever Technologies LTD,booster@qwerty.co.ke,JP,281,USD
04-Dec-21,Job Done,Ever Technologies LTD,booster@qwerty.co.ke,GR,648,USD
08-Dec-21,Job Done,Ever Technologies LTD,booster@qwerty.co.ke,PE,456,USD
20-Oct-21,Job Done,Ever Technologies LTD,booster@qwerty.co.ke,AF,600,USD
02-Jan-22,Job Done,Ever Technologies LTD,booster@qwerty.co.ke,BY,148,USD
05-Oct-21,Job Done,Ever Technologies LTD,booster@qwerty.co.ke,JP,802,USD
24-Oct-21,Job Done,Ever Technologies LTD,booster@qwerty.co.ke,VN,851,USD
22-Dec-21,Job Done,Ever Technologies LTD,booster@qwerty.co.ke,ID,440,USD
27-Sep-21,Job Done,Ever Technologies LTD,booster@qwerty.co.ke,CN,375,USD
10-Nov-21,Job Done,Ever Technologies LTD,booster@qwerty.co.ke,CN,548,USD
19-Dec-21,Job Done,Ever Technologies LTD,booster@qwerty.co.ke,RU,752,USD
25-Jan-22,Job Done,Ever Technologies LTD,booster@qwerty.co.ke,CA,572,USD
17-Oct-21,Job Done,Ever Technologies LTD,booster@qwerty.co.ke,CN,903,USD
11-Oct-21,Job Done,Ever Technologies LTD,booster@qwerty.co.ke,EC,648,USD
14-Jan-22,Job Done,Ever Technologies LTD,booster@qwerty.co.ke,ID,173,USD
01-Jan-22,Job Done,Ever Technologies LTD,booster@qwerty.co.ke,PT,861,USD
12-Dec-21,Job Done,Ever Technologies LTD,booster@qwerty.co.ke,RU,628,USD
18-Oct-21,Job Done,Ever Technologies LTD,booster@qwerty.co.ke,CN,308,USD
05-Jan-22,Job Done,Ever Technologies LTD,booster@qwerty.co.ke,MN,968,USD
06-Dec-21,Job Done,Ever Technologies LTD,booster@qwerty.co.ke,ID,130,USD
21-Dec-21,Job Done,Ever Technologies LTD,booster@qwerty.co.ke,UG,866,USD
27-Dec-21,Job Done,Ever Technologies LTD,yoster@qwerty.co.ke,CZ,455,USD
28-Oct-21,Job Done,Ever Technologies LTD,yoster@qwerty.co.ke,ES,980,USD
25-Jan-22,Job Done,Ever Technologies LTD,yoster@qwerty.co.ke,PA,668,USD
26-Jan-22,Job Done,Ever Technologies LTD,yoster@qwerty.co.ke,CN,995,USD
03-Oct-21,Job Done,Ever Technologies LTD,yoster@qwerty.co.ke,PH,478,USD
08-Nov-21,Job Done,Ever Technologies LTD,yoster@qwerty.co.ke,PT,796,USD
27-Nov-21,Job Done,Ever Technologies LTD,yoster@qwerty.co.ke,UZ,150,USD
14-Oct-21,Job Done,Ever Technologies LTD,yoster@qwerty.co.ke,US,268,USD
21-Nov-21,Job Done,Ever Technologies LTD,yoster@qwerty.co.ke,PH,950,USD
17-Jan-22,Job Done,Ever Technologies LTD,yoster@qwerty.co.ke,CN,730,USD
28-Oct-21,Job Done,Ever Technologies LTD,yoster@qwerty.co.ke,GR,840,USD
27-Dec-21,Job Done,Ever Technologies LTD,yoster@qwerty.co.ke,FR,572,USD
16-Dec-21,Job Done,Ever Technologies LTD,yoster@qwerty.co.ke,PT,604,USD
16-Jan-22,Job Done,Ever Technologies LTD,yoster@qwerty.co.ke,AL,767,USD
02-Nov-21,Job Done,Ever Technologies LTD,yoster@qwerty.co.ke,ID,714,USD
09-Dec-21,Job Done,Ever Technologies LTD,yoster@qwerty.co.ke,CN,100,USD
27-Sep-21,Job Done,Ever Technologies LTD,yoster@qwerty.co.ke,CN,991,USD
23-Nov-21,Job Done,Ever Technologies LTD,yoster@qwerty.co.ke,ID,189,USD
03-Nov-21,Job Done,Ever Technologies LTD,yoster@qwerty.co.ke,TJ,420,USD
09-Dec-21,Job Done,Ever Technologies LTD,yoster@qwerty.co.ke,ZM,459,USD
15-Nov-21,Job Done,Ever Technologies LTD,yoster@qwerty.co.ke,EC,167,USD
20-Jan-22,Job Done,Ever Technologies LTD,yoster@qwerty.co.ke,PT,345,USD
19-Dec-21,Job Done,Ever Technologies LTD,yoster@qwerty.co.ke,BR,481,USD
16-Nov-21,Job Done,Ever Technologies LTD,yoster@qwerty.co.ke,CO,590,USD
13-Dec-21,Job Done,Ever Technologies LTD,yoster@qwerty.co.ke,ID,695,USD
18-Oct-21,Job Done,Ever Technologies LTD,yoster@qwerty.co.ke,IR,331,USD
21-Nov-21,Job Done,Ever Technologies LTD,yoster@qwerty.co.ke,PL,925,USD
31-Oct-21,Job Done,Ever Technologies LTD,yoster@qwerty.co.ke,CN,940,USD
11-Nov-21,Job Done,Ever Technologies LTD,yoster@qwerty.co.ke,PL,271,USD
24-Jan-22,Job Done,Ever Technologies LTD,yoster@qwerty.co.ke,CN,658,USD
19-Dec-21,Job Done,Ever Technologies LTD,yoster@qwerty.co.ke,CA,417,USD
22-Nov-21,Job Done,Ever Technologies LTD,yoster@qwerty.co.ke,CM,674,USD
09-Nov-21,Job Done,Ever Technologies LTD,yoster@qwerty.co.ke,FI,741,USD
08-Jan-22,Job Done,Ever Technologies LTD,yoster@qwerty.co.ke,SE,857,USD
22-Jan-22,Job Done,Ever Technologies LTD,yoster@qwerty.co.ke,CN,434,USD
19-Oct-21,Job Done,Ever Technologies LTD,yoster@qwerty.co.ke,PH,926,USD
26-Nov-21,Job Done,Ever Technologies LTD,yoster@qwerty.co.ke,TH,879,USD
09-Nov-21,Job Done,Ever Technologies LTD,yoster@qwerty.co.ke,CN,908,USD
07-Oct-21,Job Done,Ever Technologies LTD,yoster@qwerty.co.ke,PS,111,USD
01-Nov-21,Job Done,Ever Technologies LTD,yoster@qwerty.co.ke,PH,550,USD
31-Oct-21,Job Done,Ever Technologies LTD,yoster@qwerty.co.ke,CN,982,USD
07-Oct-21,Job Done,Ever Technologies LTD,yoster@qwerty.co.ke,RU,370,USD
20-Jan-22,Job Done,Ever Technologies LTD,yoster@qwerty.co.ke,ID,242,USD
28-Dec-21,Job Done,Ever Technologies LTD,yoster@qwerty.co.ke,RU,667,USD
11-Nov-21,Job Done,Ever Technologies LTD,yoster@qwerty.co.ke,LK,713,USD
17-Oct-21,Job Done,Ever Technologies LTD,yoster@qwerty.co.ke,ID,530,USD
13-Oct-21,Job Done,Ever Technologies LTD,yoster@qwerty.co.ke,ID,859,USD
08-Dec-21,Job Done,Ever Technologies LTD,yoster@qwerty.co.ke,ID,775,USD
12-Jan-22,Job Done,Ever Technologies LTD,yoster@qwerty.co.ke,PL,146,USD
03-Dec-21,Job Done,Ever Technologies LTD,yoster@qwerty.co.ke,TH,214,USD
23-Dec-21,Job Done,Ever Technologies LTD,yoster@qwerty.co.ke,CO,944,USD
16-Oct-21,Job Done,Ever Technologies LTD,hoster@qwerty.co.ke,HN,287,USD
19-Oct-21,Job Done,Ever Technologies LTD,hoster@qwerty.co.ke,BR,150,USD
22-Oct-21,Job Done,Ever Technologies LTD,hoster@qwerty.co.ke,MA,769,USD
20-Jan-22,Job Done,Ever Technologies LTD,hoster@qwerty.co.ke,MQ,505,USD
13-Jan-22,Job Done,Ever Technologies LTD,hoster@qwerty.co.ke,BS,410,USD
26-Dec-21,Job Done,Ever Technologies LTD,hoster@qwerty.co.ke,AR,733,USD
27-Sep-21,Job Done,Ever Technologies LTD,hoster@qwerty.co.ke,MX,228,USD
24-Jan-22,Job Done,Ever Technologies LTD,hoster@qwerty.co.ke,FR,735,USD
14-Jan-22,Job Done,Ever Technologies LTD,hoster@qwerty.co.ke,BR,612,USD
07-Jan-22,Job Done,Ever Technologies LTD,hoster@qwerty.co.ke,CN,131,USD
16-Nov-21,Job Done,Ever Technologies LTD,hoster@qwerty.co.ke,PL,1000,USD
03-Dec-21,Job Done,Ever Technologies LTD,hoster@qwerty.co.ke,ID,397,USD
12-Nov-21,Job Done,Ever Technologies LTD,hoster@qwerty.co.ke,CD,202,USD
10-Oct-21,Job Done,Ever Technologies LTD,hoster@qwerty.co.ke,RU,158,USD
02-Oct-21,Job Done,Ever Technologies LTD,hoster@qwerty.co.ke,PH,819,USD
14-Nov-21,Job Done,Ever Technologies LTD,hoster@qwerty.co.ke,TH,682,USD
23-Dec-21,Job Done,Ever Technologies LTD,hoster@qwerty.co.ke,ID,414,USD
13-Jan-22,Job Done,Ever Technologies LTD,hoster@qwerty.co.ke,SE,448,USD
10-Nov-21,Job Done,Ever Technologies LTD,hoster@qwerty.co.ke,CN,915,USD
07-Oct-21,Job Done,Ever Technologies LTD,hoster@qwerty.co.ke,PE,834,USD
02-Nov-21,Job Done,Ever Technologies LTD,hoster@qwerty.co.ke,PH,886,USD
17-Dec-21,Job Done,Ever Technologies LTD,hoster@qwerty.co.ke,PT,489,USD
28-Sep-21,Job Done,Ever Technologies LTD,hoster@qwerty.co.ke,TH,549,USD
20-Jan-22,Job Done,Ever Technologies LTD,hoster@qwerty.co.ke,PH,269,USD
25-Oct-21,Job Done,Ever Technologies LTD,hoster@qwerty.co.ke,TH,293,USD
30-Oct-21,Job Done,Ever Technologies LTD,hoster@qwerty.co.ke,RU,755,USD
10-Oct-21,Job Done,Ever Technologies LTD,hoster@qwerty.co.ke,CF,649,USD
07-Nov-21,Job Done,Ever Technologies LTD,hoster@qwerty.co.ke,RS,404,USD
26-Dec-21,Job Done,Ever Technologies LTD,hoster@qwerty.co.ke,ID,628,USD
19-Dec-21,Job Done,Ever Technologies LTD,hoster@qwerty.co.ke,FR,816,USD
20-Jan-22,Job Done,Ever Technologies LTD,hoster@qwerty.co.ke,FR,635,USD
09-Oct-21,Job Done,Ever Technologies LTD,hoster@qwerty.co.ke,CN,878,USD
31-Dec-21,Job Done,Ever Technologies LTD,hoster@qwerty.co.ke,MM,434,USD
10-Oct-21,Job Done,Ever Technologies LTD,hoster@qwerty.co.ke,ID,984,USD
23-Jan-22,Job Done,Ever Technologies LTD,hoster@qwerty.co.ke,CZ,128,USD
14-Jan-22,Job Done,Ever Technologies LTD,hoster@qwerty.co.ke,CN,285,USD
09-Dec-21,Job Done,Ever Technologies LTD,hoster@qwerty.co.ke,MW,484,USD
27-Nov-21,Job Done,Ever Technologies LTD,hoster@qwerty.co.ke,KR,463,USD
27-Nov-21,Job Done,Ever Technologies LTD,hoster@qwerty.co.ke,FI,193,USD
16-Oct-21,Job Done,Ever Technologies LTD,hoster@qwerty.co.ke,AR,493,USD
21-Jan-22,Job Done,Ever Technologies LTD,hoster@qwerty.co.ke,ID,933,USD
19-Jan-22,Job Done,Ever Technologies LTD,hoster@qwerty.co.ke,GU,1000,USD
14-Nov-21,Job Done,Ever Technologies LTD,hoster@qwerty.co.ke,NO,832,USD
03-Dec-21,Job Done,Ever Technologies LTD,hoster@qwerty.co.ke,UA,849,USD
30-Dec-21,Job Done,Ever Technologies LTD,hoster@qwerty.co.ke,CO,845,USD
07-Jan-22,Job Done,Ever Technologies LTD,hoster@qwerty.co.ke,KM,161,USD
27-Sep-21,Job Done,Ever Technologies LTD,hoster@qwerty.co.ke,NO,578,USD
01-Nov-21,Job Done,Ever Technologies LTD,hoster@qwerty.co.ke,BR,737,USD
21-Dec-21,Job Done,Ever Technologies LTD,hoster@qwerty.co.ke,CO,375,USD
09-Jan-22,Job Done,Ever Technologies LTD,hoster@qwerty.co.ke,CN,280,USD
29-Sep-21,Job Done,Ever Technologies LTD,aster@qwerty.co.ke,UA,809,USD
12-Nov-21,Job Done,Ever Technologies LTD,aster@qwerty.co.ke,CO,757,USD
15-Nov-21,Job Done,Ever Technologies LTD,aster@qwerty.co.ke,CN,919,USD
15-Jan-22,Job Done,Ever Technologies LTD,aster@qwerty.co.ke,AL,562,USD
11-Dec-21,Job Done,Ever Technologies LTD,aster@qwerty.co.ke,CF,836,USD
28-Dec-21,Job Done,Ever Technologies LTD,aster@qwerty.co.ke,PH,906,USD
21-Oct-21,Job Done,Ever Technologies LTD,aster@qwerty.co.ke,CN,872,USD
24-Nov-21,Job Done,Ever Technologies LTD,aster@qwerty.co.ke,YE,724,USD
22-Jan-22,Job Done,Ever Technologies LTD,aster@qwerty.co.ke,RU,743,USD
15-Nov-21,Job Done,Ever Technologies LTD,aster@qwerty.co.ke,CZ,677,USD
26-Nov-21,Job Done,Ever Technologies LTD,aster@qwerty.co.ke,JP,363,USD
27-Oct-21,Job Done,Ever Technologies LTD,aster@qwerty.co.ke,PT,710,USD
01-Dec-21,Job Done,Ever Technologies LTD,aster@qwerty.co.ke,CO,124,USD
08-Dec-21,Job Done,Ever Technologies LTD,aster@qwerty.co.ke,WS,723,USD
06-Nov-21,Job Done,Ever Technologies LTD,aster@qwerty.co.ke,SY,463,USD
17-Oct-21,Job Done,Ever Technologies LTD,aster@qwerty.co.ke,CO,205,USD
02-Nov-21,Job Done,Ever Technologies LTD,aster@qwerty.co.ke,AF,691,USD
06-Oct-21,Job Done,Ever Technologies LTD,aster@qwerty.co.ke,BY,118,USD
14-Jan-22,Job Done,Ever Technologies LTD,aster@qwerty.co.ke,IE,834,USD
19-Dec-21,Job Done,Ever Technologies LTD,aster@qwerty.co.ke,RU,487,USD
14-Oct-21,Job Done,Ever Technologies LTD,aster@qwerty.co.ke,ID,275,USD
13-Oct-21,Job Done,Ever Technologies LTD,aster@qwerty.co.ke,CN,754,USD
08-Jan-22,Job Done,Ever Technologies LTD,aster@qwerty.co.ke,AR,905,USD
13-Jan-22,Job Done,Ever Technologies LTD,aster@qwerty.co.ke,CN,610,USD
02-Oct-21,Job Done,Ever Technologies LTD,aster@qwerty.co.ke,RU,586,USD
07-Oct-21,Job Done,Ever Technologies LTD,aster@qwerty.co.ke,CN,411,USD
22-Jan-22,Job Done,Ever Technologies LTD,aster@qwerty.co.ke,IR,680,USD
29-Sep-21,Job Done,Ever Technologies LTD,aster@qwerty.co.ke,SD,586,USD
03-Jan-22,Job Done,Ever Technologies LTD,aster@qwerty.co.ke,RU,627,USD
06-Dec-21,Job Done,Ever Technologies LTD,aster@qwerty.co.ke,RU,728,USD
13-Jan-22,Job Done,Ever Technologies LTD,aster@qwerty.co.ke,CN,938,USD
30-Nov-21,Job Done,Ever Technologies LTD,aster@qwerty.co.ke,GQ,954,USD
14-Dec-21,Job Done,Ever Technologies LTD,aster@qwerty.co.ke,AR,253,USD
22-Nov-21,Job Done,Ever Technologies LTD,aster@qwerty.co.ke,SE,326,USD
28-Sep-21,Job Done,Ever Technologies LTD,aster@qwerty.co.ke,CN,931,USD
29-Dec-21,Job Done,Ever Technologies LTD,aster@qwerty.co.ke,CN,396,USD
13-Nov-21,Job Done,Ever Technologies LTD,aster@qwerty.co.ke,PT,714,USD
18-Nov-21,Job Done,Ever Technologies LTD,aster@qwerty.co.ke,SD,898,USD
16-Oct-21,Job Done,Ever Technologies LTD,aster@qwerty.co.ke,VN,568,USD
09-Oct-21,Job Done,Ever Technologies LTD,aster@qwerty.co.ke,CN,409,USD
26-Jan-22,Job Done,Ever Technologies LTD,aster@qwerty.co.ke,BG,501,USD
30-Oct-21,Job Done,Ever Technologies LTD,aster@qwerty.co.ke,TH,116,USD
29-Oct-21,Job Done,Ever Technologies LTD,aster@qwerty.co.ke,BA,544,USD
27-Oct-21,Job Done,Ever Technologies LTD,aster@qwerty.co.ke,PS,322,USD
13-Oct-21,Job Done,Ever Technologies LTD,aster@qwerty.co.ke,RS,572,USD
13-Dec-21,Job Done,Ever Technologies LTD,aster@qwerty.co.ke,CN,162,USD
23-Nov-21,Job Done,Ever Technologies LTD,aster@qwerty.co.ke,PE,226,USD
27-Nov-21,Job Done,Ever Technologies LTD,aster@qwerty.co.ke,TH,844,USD
23-Nov-21,Job Done,Ever Technologies LTD,aster@qwerty.co.ke,RU,710,USD
10-Jan-22,Job Done,Ever Technologies LTD,aster@qwerty.co.ke,BR,827,USD
30-Dec-21,Job Done,Ever Technologies LTD,roster@qwerty.co.ke,UA,506,USD
05-Jan-22,Job Done,Ever Technologies LTD,roster@qwerty.co.ke,KP,263,USD
17-Jan-22,Job Done,Ever Technologies LTD,roster@qwerty.co.ke,CN,402,USD
20-Nov-21,Job Done,Ever Technologies LTD,roster@qwerty.co.ke,CN,991,USD
03-Oct-21,Job Done,Ever Technologies LTD,roster@qwerty.co.ke,CN,170,USD
24-Nov-21,Job Done,Ever Technologies LTD,roster@qwerty.co.ke,CN,616,USD
25-Dec-21,Job Done,Ever Technologies LTD,roster@qwerty.co.ke,ID,270,USD
01-Oct-21,Job Done,Ever Technologies LTD,roster@qwerty.co.ke,CN,704,USD
10-Nov-21,Job Done,Ever Technologies LTD,roster@qwerty.co.ke,HR,413,USD
05-Jan-22,Job Done,Ever Technologies LTD,roster@qwerty.co.ke,PE,845,USD
03-Nov-21,Job Done,Ever Technologies LTD,roster@qwerty.co.ke,RU,103,USD
14-Jan-22,Job Done,Ever Technologies LTD,roster@qwerty.co.ke,ID,894,USD
25-Dec-21,Job Done,Ever Technologies LTD,roster@qwerty.co.ke,UA,313,USD
26-Oct-21,Job Done,Ever Technologies LTD,roster@qwerty.co.ke,US,433,USD
19-Jan-22,Job Done,Ever Technologies LTD,roster@qwerty.co.ke,ID,751,USD
05-Nov-21,Job Done,Ever Technologies LTD,roster@qwerty.co.ke,MM,911,USD
28-Nov-21,Job Done,Ever Technologies LTD,roster@qwerty.co.ke,JP,375,USD
01-Jan-22,Job Done,Ever Technologies LTD,roster@qwerty.co.ke,ID,359,USD
02-Jan-22,Job Done,Ever Technologies LTD,roster@qwerty.co.ke,CN,628,USD
12-Nov-21,Job Done,Ever Technologies LTD,roster@qwerty.co.ke,CN,762,USD
23-Nov-21,Job Done,Ever Technologies LTD,roster@qwerty.co.ke,CN,798,USD
09-Dec-21,Job Done,Ever Technologies LTD,roster@qwerty.co.ke,FR,519,USD
02-Dec-21,Job Done,Ever Technologies LTD,roster@qwerty.co.ke,AZ,855,USD
08-Jan-22,Job Done,Ever Technologies LTD,roster@qwerty.co.ke,RS,138,USD
07-Nov-21,Job Done,Ever Technologies LTD,roster@qwerty.co.ke,JP,620,USD
30-Oct-21,Job Done,Ever Technologies LTD,roster@qwerty.co.ke,CN,876,USD
16-Oct-21,Job Done,Ever Technologies LTD,roster@qwerty.co.ke,NG,971,USD
15-Jan-22,Job Done,Ever Technologies LTD,roster@qwerty.co.ke,CN,470,USD
25-Jan-22,Job Done,Ever Technologies LTD,roster@qwerty.co.ke,PH,990,USD
19-Oct-21,Job Done,Ever Technologies LTD,roster@qwerty.co.ke,CO,121,USD
15-Oct-21,Job Done,Ever Technologies LTD,roster@qwerty.co.ke,PT,167,USD
30-Sep-21,Job Done,Ever Technologies LTD,roster@qwerty.co.ke,US,605,USD
06-Oct-21,Job Done,Ever Technologies LTD,roster@qwerty.co.ke,PT,439,USD
28-Sep-21,Job Done,Ever Technologies LTD,roster@qwerty.co.ke,TJ,228,USD
18-Jan-22,Job Done,Ever Technologies LTD,roster@qwerty.co.ke,CZ,131,USD
13-Oct-21,Job Done,Ever Technologies LTD,roster@qwerty.co.ke,CN,690,USD
12-Nov-21,Job Done,Ever Technologies LTD,roster@qwerty.co.ke,CN,239,USD
30-Sep-21,Job Done,Ever Technologies LTD,roster@qwerty.co.ke,SE,167,USD
25-Nov-21,Job Done,Ever Technologies LTD,roster@qwerty.co.ke,CN,277,USD
22-Dec-21,Job Done,Ever Technologies LTD,roster@qwerty.co.ke,PL,799,USD
03-Jan-22,Job Done,Ever Technologies LTD,roster@qwerty.co.ke,PH,165,USD
15-Dec-21,Job Done,Ever Technologies LTD,roster@qwerty.co.ke,ME,531,USD
24-Jan-22,Job Done,Ever Technologies LTD,roster@qwerty.co.ke,CN,746,USD
11-Nov-21,Job Done,Ever Technologies LTD,roster@qwerty.co.ke,CZ,403,USD
14-Nov-21,Job Done,Ever Technologies LTD,roster@qwerty.co.ke,AR,903,USD
29-Oct-21,Job Done,Ever Technologies LTD,roster@qwerty.co.ke,RU,244,USD
01-Nov-21,Job Done,Ever Technologies LTD,roster@qwerty.co.ke,ID,100,USD
21-Jan-22,Job Done,Ever Technologies LTD,roster@qwerty.co.ke,PE,117,USD
22-Nov-21,Job Done,Ever Technologies LTD,roster@qwerty.co.ke,CN,152,USD
04-Oct-21,Job Done,Ever Technologies LTD,roster@qwerty.co.ke,IR,144,USD
06-Nov-21,Job Done,Ever Technologies LTD,roster@qwerty.co.ke,NO,496,USD
18-Dec-21,Job Done,Ever Technologies LTD,roster@qwerty.co.ke,CN,227,USD
31-Oct-21,Job Done,Ever Technologies LTD,roster@qwerty.co.ke,CN,678,USD
09-Oct-21,Job Done,Ever Technologies LTD,roster@qwerty.co.ke,FR,834,USD
11-Dec-21,Job Done,Ever Technologies LTD,roster@qwerty.co.ke,KZ,458,USD
15-Jan-22,Job Done,Ever Technologies LTD,roster@qwerty.co.ke,FR,697,USD
30-Nov-21,Job Done,Ever Technologies LTD,roster@qwerty.co.ke,PH,642,USD
29-Nov-21,Job Done,Ever Technologies LTD,roster@qwerty.co.ke,BR,672,USD
17-Oct-21,Job Done,Ever Technologies LTD,roster@qwerty.co.ke,ID,983,USD
29-Nov-21,Job Done,Ever Technologies LTD,roster@qwerty.co.ke,PE,323,USD
15-Oct-21,Job Done,Ever Technologies LTD,roster@qwerty.co.ke,CN,732,USD
29-Sep-21,Job Done,Ever Technologies LTD,roster@qwerty.co.ke,CN,953,USD
25-Jan-22,Job Done,Ever Technologies LTD,roster@qwerty.co.ke,HT,758,USD
27-Sep-21,Job Done,Ever Technologies LTD,roster@qwerty.co.ke,ID,784,USD
01-Oct-21,Job Done,Ever Technologies LTD,roster@qwerty.co.ke,MX,170,USD
25-Oct-21,Job Done,Ever Technologies LTD,roster@qwerty.co.ke,CN,970,USD
05-Oct-21,Job Done,Ever Technologies LTD,roster@qwerty.co.ke,ID,936,USD
23-Oct-21,Job Done,Ever Technologies LTD,roster@qwerty.co.ke,NO,433,USD
15-Dec-21,Job Done,Ever Technologies LTD,roster@qwerty.co.ke,CN,481,USD
25-Oct-21,Job Done,Ever Technologies LTD,roster@qwerty.co.ke,CO,576,USD
31-Dec-21,Job Done,Ever Technologies LTD,dister@qwerty.co.ke,MG,787,USD
21-Jan-22,Job Done,Ever Technologies LTD,dister@qwerty.co.ke,MY,598,USD
17-Oct-21,Job Done,Ever Technologies LTD,dister@qwerty.co.ke,ID,614,USD
17-Jan-22,Job Done,Ever Technologies LTD,dister@qwerty.co.ke,VN,680,USD
27-Sep-21,Job Done,Ever Technologies LTD,dister@qwerty.co.ke,PS,455,USD
17-Nov-21,Job Done,Ever Technologies LTD,dister@qwerty.co.ke,SS,194,USD
17-Oct-21,Job Done,Ever Technologies LTD,dister@qwerty.co.ke,PA,161,USD
14-Jan-22,Job Done,Ever Technologies LTD,dister@qwerty.co.ke,CN,875,USD
19-Nov-21,Job Done,Ever Technologies LTD,dister@qwerty.co.ke,NG,265,USD
11-Jan-22,Job Done,Ever Technologies LTD,dister@qwerty.co.ke,JO,206,USD
22-Oct-21,Job Done,Ever Technologies LTD,dister@qwerty.co.ke,CN,888,USD
28-Sep-21,Job Done,Ever Technologies LTD,dister@qwerty.co.ke,ID,102,USD
01-Jan-22,Job Done,Ever Technologies LTD,dister@qwerty.co.ke,SE,819,USD
02-Nov-21,Job Done,Ever Technologies LTD,dister@qwerty.co.ke,ID,708,USD
18-Nov-21,Job Done,Ever Technologies LTD,dister@qwerty.co.ke,BR,368,USD
17-Nov-21,Job Done,Ever Technologies LTD,dister@qwerty.co.ke,RU,296,USD
04-Oct-21,Job Done,Ever Technologies LTD,dister@qwerty.co.ke,GR,643,USD
22-Jan-22,Job Done,Ever Technologies LTD,dister@qwerty.co.ke,RS,462,USD
21-Dec-21,Job Done,Ever Technologies LTD,dister@qwerty.co.ke,CD,825,USD
08-Jan-22,Job Done,Ever Technologies LTD,dister@qwerty.co.ke,US,802,USD
17-Oct-21,Job Done,Ever Technologies LTD,dister@qwerty.co.ke,CR,137,USD
28-Oct-21,Job Done,Ever Technologies LTD,dister@qwerty.co.ke,NC,194,USD
02-Oct-21,Job Done,Ever Technologies LTD,dister@qwerty.co.ke,IQ,497,USD
26-Nov-21,Job Done,Ever Technologies LTD,dister@qwerty.co.ke,YE,460,USD
14-Dec-21,Job Done,Ever Technologies LTD,dister@qwerty.co.ke,NO,655,USD
06-Dec-21,Job Done,Ever Technologies LTD,dister@qwerty.co.ke,MN,787,USD
16-Nov-21,Job Done,Ever Technologies LTD,dister@qwerty.co.ke,ID,912,USD
24-Jan-22,Job Done,Ever Technologies LTD,dister@qwerty.co.ke,FR,738,USD
01-Jan-22,Job Done,Ever Technologies LTD,dister@qwerty.co.ke,RU,927,USD
24-Dec-21,Job Done,Ever Technologies LTD,dister@qwerty.co.ke,CO,315,USD
08-Nov-21,Job Done,Ever Technologies LTD,dister@qwerty.co.ke,PH,197,USD
13-Oct-21,Job Done,Ever Technologies LTD,dister@qwerty.co.ke,IR,513,USD
29-Dec-21,Job Done,Ever Technologies LTD,dister@qwerty.co.ke,RS,323,USD
26-Jan-22,Job Done,Ever Technologies LTD,dister@qwerty.co.ke,CN,498,USD
29-Dec-21,Job Done,Ever Technologies LTD,dister@qwerty.co.ke,FR,919,USD
26-Dec-21,Job Done,Ever Technologies LTD,dister@qwerty.co.ke,NG,199,USD
30-Oct-21,Job Done,Ever Technologies LTD,dister@qwerty.co.ke,CN,347,USD
17-Jan-22,Job Done,Ever Technologies LTD,dister@qwerty.co.ke,RU,498,USD
26-Nov-21,Job Done,Ever Technologies LTD,dister@qwerty.co.ke,JP,508,USD
16-Oct-21,Job Done,Ever Technologies LTD,dister@qwerty.co.ke,ID,240,USD
02-Nov-21,Job Done,Ever Technologies LTD,dister@qwerty.co.ke,CN,295,USD
21-Dec-21,Job Done,Ever Technologies LTD,dister@qwerty.co.ke,UA,508,USD
05-Nov-21,Job Done,Ever Technologies LTD,dister@qwerty.co.ke,ID,676,USD
28-Sep-21,Job Done,Ever Technologies LTD,dister@qwerty.co.ke,JP,119,USD
03-Oct-21,Job Done,Ever Technologies LTD,dister@qwerty.co.ke,HN,305,USD
21-Nov-21,Job Done,Ever Technologies LTD,dister@qwerty.co.ke,TH,705,USD
30-Oct-21,Job Done,Ever Technologies LTD,dister@qwerty.co.ke,UG,721,USD
29-Sep-21,Job Done,Ever Technologies LTD,dister@qwerty.co.ke,CN,309,USD
27-Nov-21,Job Done,Ever Technologies LTD,dister@qwerty.co.ke,CA,474,USD
05-Nov-21,Job Done,Ever Technologies LTD,dister@qwerty.co.ke,ID,238,USD
19-Nov-21,Job Done,Ever Technologies LTD,postern@qwerty.co.ke,CZ,208,USD
25-Dec-21,Job Done,Ever Technologies LTD,postern@qwerty.co.ke,GR,693,USD
09-Dec-21,Job Done,Ever Technologies LTD,postern@qwerty.co.ke,CN,488,USD
29-Oct-21,Job Done,Ever Technologies LTD,postern@qwerty.co.ke,ZA,819,USD
05-Jan-22,Job Done,Ever Technologies LTD,postern@qwerty.co.ke,PL,219,USD
08-Oct-21,Job Done,Ever Technologies LTD,postern@qwerty.co.ke,KR,431,USD
18-Oct-21,Job Done,Ever Technologies LTD,postern@qwerty.co.ke,ID,829,USD
15-Dec-21,Job Done,Ever Technologies LTD,postern@qwerty.co.ke,RU,980,USD
19-Jan-22,Job Done,Ever Technologies LTD,postern@qwerty.co.ke,DJ,475,USD
30-Nov-21,Job Done,Ever Technologies LTD,postern@qwerty.co.ke,IE,348,USD
28-Dec-21,Job Done,Ever Technologies LTD,postern@qwerty.co.ke,NG,377,USD
29-Dec-21,Job Done,Ever Technologies LTD,postern@qwerty.co.ke,NO,948,USD
13-Dec-21,Job Done,Ever Technologies LTD,postern@qwerty.co.ke,BR,313,USD
28-Dec-21,Job Done,Ever Technologies LTD,postern@qwerty.co.ke,IR,989,USD
14-Nov-21,Job Done,Ever Technologies LTD,postern@qwerty.co.ke,FR,190,USD
22-Oct-21,Job Done,Ever Technologies LTD,postern@qwerty.co.ke,ID,795,USD
03-Jan-22,Job Done,Ever Technologies LTD,postern@qwerty.co.ke,RU,814,USD
12-Dec-21,Job Done,Ever Technologies LTD,postern@qwerty.co.ke,BB,101,USD
02-Dec-21,Job Done,Ever Technologies LTD,postern@qwerty.co.ke,RU,287,USD
18-Nov-21,Job Done,Ever Technologies LTD,postern@qwerty.co.ke,ID,803,USD
15-Dec-21,Job Done,Ever Technologies LTD,postern@qwerty.co.ke,BR,532,USD
13-Jan-22,Job Done,Ever Technologies LTD,postern@qwerty.co.ke,ID,108,USD
22-Dec-21,Job Done,Ever Technologies LTD,postern@qwerty.co.ke,YE,810,USD
01-Nov-21,Job Done,Ever Technologies LTD,postern@qwerty.co.ke,ES,921,USD
21-Dec-21,Job Done,Ever Technologies LTD,postern@qwerty.co.ke,JO,254,USD
17-Jan-22,Job Done,Ever Technologies LTD,postern@qwerty.co.ke,CR,570,USD
18-Oct-21,Job Done,Ever Technologies LTD,postern@qwerty.co.ke,CN,100,USD
22-Dec-21,Job Done,Ever Technologies LTD,postern@qwerty.co.ke,ID,793,USD
19-Oct-21,Job Done,Ever Technologies LTD,postern@qwerty.co.ke,RU,122,USD
06-Oct-21,Job Done,Ever Technologies LTD,postern@qwerty.co.ke,UA,325,USD
02-Oct-21,Job Done,Ever Technologies LTD,postern@qwerty.co.ke,CN,528,USD
04-Oct-21,Job Done,Ever Technologies LTD,postern@qwerty.co.ke,AR,933,USD
08-Jan-22,Job Done,Ever Technologies LTD,postern@qwerty.co.ke,AL,904,USD
06-Jan-22,Job Done,Ever Technologies LTD,postern@qwerty.co.ke,SE,293,USD
18-Oct-21,Job Done,Ever Technologies LTD,postern@qwerty.co.ke,RU,699,USD
23-Nov-21,Job Done,Ever Technologies LTD,postern@qwerty.co.ke,AM,195,USD
16-Oct-21,Job Done,Ever Technologies LTD,postern@qwerty.co.ke,MX,941,USD
31-Oct-21,Job Done,Ever Technologies LTD,postern@qwerty.co.ke,CO,750,USD
31-Oct-21,Job Done,Ever Technologies LTD,postern@qwerty.co.ke,CN,557,USD
06-Dec-21,Job Done,Ever Technologies LTD,postern@qwerty.co.ke,PL,600,USD
14-Dec-21,Job Done,Ever Technologies LTD,postern@qwerty.co.ke,CN,168,USD
27-Dec-21,Job Done,Ever Technologies LTD,postern@qwerty.co.ke,ID,584,USD
20-Dec-21,Job Done,Ever Technologies LTD,postern@qwerty.co.ke,CN,769,USD
15-Jan-22,Job Done,Ever Technologies LTD,postern@qwerty.co.ke,MT,250,USD
19-Oct-21,Job Done,Ever Technologies LTD,postern@qwerty.co.ke,CN,411,USD
19-Jan-22,Job Done,Ever Technologies LTD,postern@qwerty.co.ke,UA,370,USD
20-Nov-21,Job Done,Ever Technologies LTD,postern@qwerty.co.ke,RU,788,USD
23-Nov-21,Job Done,Ever Technologies LTD,postern@qwerty.co.ke,CN,953,USD
24-Oct-21,Job Done,Ever Technologies LTD,postern@qwerty.co.ke,CL,435,USD
28-Sep-21,Job Done,Ever Technologies LTD,postern@qwerty.co.ke,PL,506,USD
08-Jan-22,Job Done,Ever Technologies LTD,kyoster@qwerty.co.ke,LK,838,USD
16-Jan-22,Job Done,Ever Technologies LTD,kyoster@qwerty.co.ke,ID,489,USD
09-Jan-22,Job Done,Ever Technologies LTD,kyoster@qwerty.co.ke,AZ,408,USD
01-Nov-21,Job Done,Ever Technologies LTD,kyoster@qwerty.co.ke,GR,669,USD
21-Nov-21,Job Done,Ever Technologies LTD,kyoster@qwerty.co.ke,ZA,825,USD
24-Dec-21,Job Done,Ever Technologies LTD,kyoster@qwerty.co.ke,RU,929,USD
14-Dec-21,Job Done,Ever Technologies LTD,kyoster@qwerty.co.ke,DO,734,USD
27-Nov-21,Job Done,Ever Technologies LTD,kyoster@qwerty.co.ke,CZ,660,USD
12-Jan-22,Job Done,Ever Technologies LTD,kyoster@qwerty.co.ke,LB,516,USD
26-Dec-21,Job Done,Ever Technologies LTD,kyoster@qwerty.co.ke,UA,970,USD
30-Sep-21,Job Done,Ever Technologies LTD,kyoster@qwerty.co.ke,TJ,320,USD
18-Nov-21,Job Done,Ever Technologies LTD,kyoster@qwerty.co.ke,VN,662,USD
14-Nov-21,Job Done,Ever Technologies LTD,kyoster@qwerty.co.ke,ID,126,USD
14-Nov-21,Job Done,Ever Technologies LTD,kyoster@qwerty.co.ke,PH,536,USD
25-Dec-21,Job Done,Ever Technologies LTD,kyoster@qwerty.co.ke,IE,546,USD
28-Dec-21,Job Done,Ever Technologies LTD,kyoster@qwerty.co.ke,VE,125,USD
22-Jan-22,Job Done,Ever Technologies LTD,kyoster@qwerty.co.ke,CN,411,USD
13-Oct-21,Job Done,Ever Technologies LTD,kyoster@qwerty.co.ke,BR,271,USD
03-Jan-22,Job Done,Ever Technologies LTD,kyoster@qwerty.co.ke,CN,417,USD
29-Sep-21,Job Done,Ever Technologies LTD,kyoster@qwerty.co.ke,GR,276,USD
23-Nov-21,Job Done,Ever Technologies LTD,kyoster@qwerty.co.ke,VN,782,USD
14-Dec-21,Job Done,Ever Technologies LTD,kyoster@qwerty.co.ke,ID,756,USD
10-Dec-21,Job Done,Ever Technologies LTD,kyoster@qwerty.co.ke,NL,896,USD
02-Jan-22,Job Done,Ever Technologies LTD,kyoster@qwerty.co.ke,ID,411,USD
30-Nov-21,Job Done,Ever Technologies LTD,kyoster@qwerty.co.ke,RU,974,USD
31-Oct-21,Job Done,Ever Technologies LTD,kyoster@qwerty.co.ke,FR,578,USD
05-Dec-21,Job Done,Ever Technologies LTD,kyoster@qwerty.co.ke,DO,600,USD
10-Oct-21,Job Done,Ever Technologies LTD,kyoster@qwerty.co.ke,PE,701,USD
06-Nov-21,Job Done,Ever Technologies LTD,kyoster@qwerty.co.ke,PL,380,USD
11-Nov-21,Job Done,Ever Technologies LTD,kyoster@qwerty.co.ke,MC,161,USD
23-Oct-21,Job Done,Ever Technologies LTD,kyoster@qwerty.co.ke,FR,579,USD
08-Dec-21,Job Done,Ever Technologies LTD,kyoster@qwerty.co.ke,RS,104,USD
15-Oct-21,Job Done,Ever Technologies LTD,kyoster@qwerty.co.ke,CN,998,USD
15-Nov-21,Job Done,Ever Technologies LTD,kyoster@qwerty.co.ke,KP,587,USD
25-Oct-21,Job Done,Ever Technologies LTD,kyoster@qwerty.co.ke,GR,442,USD
09-Oct-21,Job Done,Ever Technologies LTD,kyoster@qwerty.co.ke,ID,834,USD
14-Oct-21,Job Done,Ever Technologies LTD,kyoster@qwerty.co.ke,JP,881,USD
13-Oct-21,Job Done,Ever Technologies LTD,kyoster@qwerty.co.ke,NE,299,USD
08-Oct-21,Job Done,Ever Technologies LTD,kyoster@qwerty.co.ke,CN,554,USD
18-Oct-21,Job Done,Ever Technologies LTD,kyoster@qwerty.co.ke,MM,172,USD
04-Nov-21,Job Done,Ever Technologies LTD,kyoster@qwerty.co.ke,ID,294,USD
24-Oct-21,Job Done,Ever Technologies LTD,kyoster@qwerty.co.ke,LY,601,USD
05-Nov-21,Job Done,Ever Technologies LTD,kyoster@qwerty.co.ke,ID,575,USD
18-Jan-22,Job Done,Ever Technologies LTD,kyoster@qwerty.co.ke,PH,179,USD
10-Dec-21,Job Done,Ever Technologies LTD,kyoster@qwerty.co.ke,CZ,164,USD
14-Nov-21,Job Done,Ever Technologies LTD,kyoster@qwerty.co.ke,CN,840,USD
05-Dec-21,Job Done,Ever Technologies LTD,kyoster@qwerty.co.ke,PE,955,USD
12-Oct-21,Job Done,Ever Technologies LTD,kyoster@qwerty.co.ke,PL,620,USD
24-Nov-21,Job Done,Ever Technologies LTD,kyoster@qwerty.co.ke,FI,179,USD
16-Dec-21,Job Done,Ever Technologies LTD,kyoster@qwerty.co.ke,PH,759,USD
25-Oct-21,Job Done,Ever Technologies LTD,taster@qwerty.co.ke,PL,127,USD
14-Jan-22,Job Done,Ever Technologies LTD,taster@qwerty.co.ke,PE,742,USD
15-Dec-21,Job Done,Ever Technologies LTD,taster@qwerty.co.ke,KP,463,USD
26-Oct-21,Job Done,Ever Technologies LTD,taster@qwerty.co.ke,MM,276,USD
08-Jan-22,Job Done,Ever Technologies LTD,taster@qwerty.co.ke,PE,285,USD
15-Oct-21,Job Done,Ever Technologies LTD,taster@qwerty.co.ke,KZ,135,USD
28-Nov-21,Job Done,Ever Technologies LTD,taster@qwerty.co.ke,US,282,USD
18-Dec-21,Job Done,Ever Technologies LTD,taster@qwerty.co.ke,RS,888,USD
09-Oct-21,Job Done,Ever Technologies LTD,taster@qwerty.co.ke,CA,127,USD
02-Nov-21,Job Done,Ever Technologies LTD,taster@qwerty.co.ke,DE,786,USD
21-Jan-22,Job Done,Ever Technologies LTD,taster@qwerty.co.ke,HR,916,USD
28-Sep-21,Job Done,Ever Technologies LTD,taster@qwerty.co.ke,ID,696,USD
26-Dec-21,Job Done,Ever Technologies LTD,taster@qwerty.co.ke,SE,612,USD
11-Oct-21,Job Done,Ever Technologies LTD,taster@qwerty.co.ke,GR,938,USD
27-Sep-21,Job Done,Ever Technologies LTD,taster@qwerty.co.ke,HN,788,USD
08-Jan-22,Job Done,Ever Technologies LTD,taster@qwerty.co.ke,GE,935,USD
21-Jan-22,Job Done,Ever Technologies LTD,taster@qwerty.co.ke,GR,427,USD
27-Oct-21,Job Done,Ever Technologies LTD,taster@qwerty.co.ke,CN,219,USD
24-Nov-21,Job Done,Ever Technologies LTD,taster@qwerty.co.ke,CN,1000,USD
17-Oct-21,Job Done,Ever Technologies LTD,taster@qwerty.co.ke,ID,581,USD
26-Nov-21,Job Done,Ever Technologies LTD,taster@qwerty.co.ke,TH,944,USD
04-Nov-21,Job Done,Ever Technologies LTD,taster@qwerty.co.ke,BR,437,USD
20-Oct-21,Job Done,Ever Technologies LTD,taster@qwerty.co.ke,CN,937,USD
19-Nov-21,Job Done,Ever Technologies LTD,taster@qwerty.co.ke,CN,846,USD
24-Oct-21,Job Done,Ever Technologies LTD,taster@qwerty.co.ke,CN,423,USD
23-Nov-21,Job Done,Ever Technologies LTD,taster@qwerty.co.ke,RS,219,USD
05-Jan-22,Job Done,Ever Technologies LTD,taster@qwerty.co.ke,CN,621,USD
25-Nov-21,Job Done,Ever Technologies LTD,taster@qwerty.co.ke,ID,200,USD
29-Nov-21,Job Done,Ever Technologies LTD,taster@qwerty.co.ke,CN,787,USD
02-Nov-21,Job Done,Ever Technologies LTD,taster@qwerty.co.ke,CN,279,USD
17-Dec-21,Job Done,Ever Technologies LTD,taster@qwerty.co.ke,CA,250,USD
30-Sep-21,Job Done,Ever Technologies LTD,taster@qwerty.co.ke,CN,465,USD
12-Nov-21,Job Done,Ever Technologies LTD,taster@qwerty.co.ke,CN,820,USD
25-Jan-22,Job Done,Ever Technologies LTD,taster@qwerty.co.ke,RU,163,USD
01-Jan-22,Job Done,Ever Technologies LTD,taster@qwerty.co.ke,BR,963,USD
04-Oct-21,Job Done,Ever Technologies LTD,taster@qwerty.co.ke,GT,886,USD
23-Nov-21,Job Done,Ever Technologies LTD,taster@qwerty.co.ke,TH,796,USD
05-Oct-21,Job Done,Ever Technologies LTD,taster@qwerty.co.ke,CN,309,USD
20-Oct-21,Job Done,Ever Technologies LTD,taster@qwerty.co.ke,ID,678,USD
21-Oct-21,Job Done,Ever Technologies LTD,taster@qwerty.co.ke,AR,690,USD
28-Dec-21,Job Done,Ever Technologies LTD,taster@qwerty.co.ke,PL,775,USD
05-Oct-21,Job Done,Ever Technologies LTD,taster@qwerty.co.ke,EC,297,USD
16-Oct-21,Job Done,Ever Technologies LTD,taster@qwerty.co.ke,CN,887,USD
14-Dec-21,Job Done,Ever Technologies LTD,taster@qwerty.co.ke,VN,961,USD
17-Nov-21,Job Done,Ever Technologies LTD,taster@qwerty.co.ke,RU,177,USD
08-Dec-21,Job Done,Ever Technologies LTD,taster@qwerty.co.ke,CO,748,USD
21-Oct-21,Job Done,Ever Technologies LTD,taster@qwerty.co.ke,DO,963,USD
24-Oct-21,Job Done,Ever Technologies LTD,taster@qwerty.co.ke,PH,474,USD
27-Oct-21,Job Done,Ever Technologies LTD,taster@qwerty.co.ke,US,975,USD
17-Oct-21,Job Done,Ever Technologies LTD,taster@qwerty.co.ke,CN,961,USD
31-Oct-21,Job Done,Ever Technologies LTD,mustero@smooper.xyz,CN,479,USD
30-Nov-21,Job Done,Ever Technologies LTD,mustero@smooper.xyz,UA,180,USD
14-Jan-22,Job Done,Ever Technologies LTD,mustero@smooper.xyz,NG,774,USD
14-Nov-21,Job Done,Ever Technologies LTD,mustero@smooper.xyz,AR,999,USD
09-Nov-21,Job Done,Ever Technologies LTD,mustero@smooper.xyz,ID,225,USD
07-Nov-21,Job Done,Ever Technologies LTD,mustero@smooper.xyz,AF,745,USD
28-Dec-21,Job Done,Ever Technologies LTD,mustero@smooper.xyz,CN,693,USD
31-Oct-21,Job Done,Ever Technologies LTD,mustero@smooper.xyz,CN,630,USD
09-Nov-21,Job Done,Ever Technologies LTD,mustero@smooper.xyz,PL,672,USD
08-Dec-21,Job Done,Ever Technologies LTD,mustero@smooper.xyz,PL,766,USD
05-Nov-21,Job Done,Ever Technologies LTD,mustero@smooper.xyz,PT,681,USD
02-Oct-21,Job Done,Ever Technologies LTD,mustero@smooper.xyz,CN,639,USD
15-Nov-21,Job Done,Ever Technologies LTD,mustero@smooper.xyz,BR,848,USD
15-Oct-21,Job Done,Ever Technologies LTD,mustero@smooper.xyz,CN,700,USD
23-Oct-21,Job Done,Ever Technologies LTD,mustero@smooper.xyz,AL,472,USD
28-Sep-21,Job Done,Ever Technologies LTD,mustero@smooper.xyz,CN,522,USD
26-Dec-21,Job Done,Ever Technologies LTD,mustero@smooper.xyz,CN,120,USD
12-Oct-21,Job Done,Ever Technologies LTD,mustero@smooper.xyz,CN,665,USD
28-Nov-21,Job Done,Ever Technologies LTD,mustero@smooper.xyz,HR,587,USD
30-Oct-21,Job Done,Ever Technologies LTD,mustero@smooper.xyz,TZ,881,USD
19-Nov-21,Job Done,Ever Technologies LTD,mustero@smooper.xyz,MG,979,USD
02-Oct-21,Job Done,Ever Technologies LTD,mustero@smooper.xyz,UA,188,USD
30-Nov-21,Job Done,Ever Technologies LTD,mustero@smooper.xyz,US,448,USD
22-Nov-21,Job Done,Ever Technologies LTD,mustero@smooper.xyz,BY,797,USD
07-Jan-22,Job Done,Ever Technologies LTD,mustero@smooper.xyz,GT,210,USD
26-Dec-21,Job Done,Ever Technologies LTD,mustero@smooper.xyz,JP,215,USD
31-Oct-21,Job Done,Ever Technologies LTD,mustero@smooper.xyz,UA,756,USD
27-Oct-21,Job Done,Ever Technologies LTD,mustero@smooper.xyz,FR,936,USD
18-Nov-21,Job Done,Ever Technologies LTD,mustero@smooper.xyz,CA,706,USD
12-Oct-21,Job Done,Ever Technologies LTD,mustero@smooper.xyz,RU,546,USD
27-Sep-21,Job Done,Ever Technologies LTD,mustero@smooper.xyz,DO,861,USD
30-Nov-21,Job Done,Ever Technologies LTD,mustero@smooper.xyz,CN,575,USD
28-Sep-21,Job Done,Ever Technologies LTD,mustero@smooper.xyz,RU,984,USD
22-Oct-21,Job Done,Ever Technologies LTD,mustero@smooper.xyz,PT,705,USD
06-Dec-21,Job Done,Ever Technologies LTD,mustero@smooper.xyz,PL,790,USD
13-Jan-22,Job Done,Ever Technologies LTD,mustero@smooper.xyz,CN,251,USD
30-Dec-21,Job Done,Ever Technologies LTD,mustero@smooper.xyz,FR,194,USD
22-Jan-22,Job Done,Ever Technologies LTD,mustero@smooper.xyz,IE,702,USD
20-Dec-21,Job Done,Ever Technologies LTD,mustero@smooper.xyz,CN,519,USD
28-Sep-21,Job Done,Ever Technologies LTD,mustero@smooper.xyz,ID,785,USD
19-Nov-21,Job Done,Ever Technologies LTD,mustero@smooper.xyz,AR,831,USD
14-Dec-21,Job Done,Ever Technologies LTD,mustero@smooper.xyz,PH,555,USD
06-Jan-22,Job Done,Ever Technologies LTD,mustero@smooper.xyz,ZA,967,USD
06-Jan-22,Job Done,Ever Technologies LTD,mustero@smooper.xyz,EE,965,USD
25-Jan-22,Job Done,Ever Technologies LTD,mustero@smooper.xyz,RU,791,USD
03-Nov-21,Job Done,Ever Technologies LTD,mustero@smooper.xyz,PL,968,USD
18-Nov-21,Job Done,Ever Technologies LTD,mustero@smooper.xyz,PH,110,USD
28-Sep-21,Job Done,Ever Technologies LTD,mustero@smooper.xyz,CZ,229,USD
14-Dec-21,Job Done,Ever Technologies LTD,mustero@smooper.xyz,ID,298,USD
22-Oct-21,Job Done,Ever Technologies LTD,mustero@smooper.xyz,MX,676,USD
26-Oct-21,Job Done,Ever Technologies LTD,desterrro@hotmail.com,CN,103,USD
24-Jan-22,Job Done,Ever Technologies LTD,desterrro@hotmail.com,CZ,953,USD
04-Jan-22,Job Done,Ever Technologies LTD,desterrro@hotmail.com,ID,354,USD
27-Nov-21,Job Done,Ever Technologies LTD,desterrro@hotmail.com,PL,119,USD
08-Oct-21,Job Done,Ever Technologies LTD,desterrro@hotmail.com,CN,339,USD
09-Jan-22,Job Done,Ever Technologies LTD,desterrro@hotmail.com,UA,703,USD
10-Oct-21,Job Done,Ever Technologies LTD,desterrro@hotmail.com,PL,635,USD
04-Nov-21,Job Done,Ever Technologies LTD,desterrro@hotmail.com,CZ,550,USD
08-Jan-22,Job Done,Ever Technologies LTD,desterrro@hotmail.com,EG,219,USD
10-Nov-21,Job Done,Ever Technologies LTD,desterrro@hotmail.com,US,864,USD
20-Nov-21,Job Done,Ever Technologies LTD,desterrro@hotmail.com,PL,158,USD
15-Dec-21,Job Done,Ever Technologies LTD,desterrro@hotmail.com,AR,318,USD
29-Nov-21,Job Done,Ever Technologies LTD,desterrro@hotmail.com,MN,329,USD
10-Oct-21,Job Done,Ever Technologies LTD,desterrro@hotmail.com,PH,802,USD
09-Nov-21,Job Done,Ever Technologies LTD,desterrro@hotmail.com,CO,482,USD
09-Dec-21,Job Done,Ever Technologies LTD,desterrro@hotmail.com,PH,246,USD
08-Nov-21,Job Done,Ever Technologies LTD,desterrro@hotmail.com,PL,100,USD
11-Nov-21,Job Done,Ever Technologies LTD,desterrro@hotmail.com,ID,506,USD
03-Nov-21,Job Done,Ever Technologies LTD,desterrro@hotmail.com,AL,246,USD
01-Nov-21,Job Done,Ever Technologies LTD,desterrro@hotmail.com,DO,290,USD
28-Sep-21,Job Done,Ever Technologies LTD,desterrro@hotmail.com,SY,568,USD
18-Oct-21,Job Done,Ever Technologies LTD,desterrro@hotmail.com,KP,721,USD
28-Sep-21,Job Done,Ever Technologies LTD,desterrro@hotmail.com,MA,834,USD
31-Dec-21,Job Done,Ever Technologies LTD,desterrro@hotmail.com,PL,950,USD
30-Dec-21,Job Done,Ever Technologies LTD,desterrro@hotmail.com,CN,403,USD
17-Dec-21,Job Done,Ever Technologies LTD,desterrro@hotmail.com,TH,322,USD
26-Nov-21,Job Done,Ever Technologies LTD,desterrro@hotmail.com,CN,955,USD
21-Nov-21,Job Done,Ever Technologies LTD,desterrro@hotmail.com,TH,379,USD
10-Nov-21,Job Done,Ever Technologies LTD,desterrro@hotmail.com,ZW,584,USD
22-Jan-22,Job Done,Ever Technologies LTD,desterrro@hotmail.com,CZ,875,USD
06-Dec-21,Job Done,Ever Technologies LTD,desterrro@hotmail.com,US,976,USD
12-Jan-22,Job Done,Ever Technologies LTD,desterrro@hotmail.com,PH,893,USD
11-Oct-21,Job Done,Ever Technologies LTD,desterrro@hotmail.com,FR,768,USD
18-Oct-21,Job Done,Ever Technologies LTD,desterrro@hotmail.com,CN,269,USD
18-Dec-21,Job Done,Ever Technologies LTD,desterrro@hotmail.com,ID,101,USD
03-Dec-21,Job Done,Ever Technologies LTD,desterrro@hotmail.com,BR,961,USD
07-Jan-22,Job Done,Ever Technologies LTD,desterrro@hotmail.com,ID,376,USD
02-Dec-21,Job Done,Ever Technologies LTD,desterrro@hotmail.com,CN,363,USD
10-Dec-21,Job Done,Ever Technologies LTD,desterrro@hotmail.com,CN,800,USD
04-Jan-22,Job Done,Ever Technologies LTD,desterrro@hotmail.com,CN,920,USD
15-Nov-21,Job Done,Ever Technologies LTD,desterrro@hotmail.com,ID,488,USD
05-Oct-21,Job Done,Ever Technologies LTD,desterrro@hotmail.com,CL,345,USD
15-Oct-21,Job Done,Ever Technologies LTD,desterrro@hotmail.com,ID,330,USD
31-Oct-21,Job Done,Ever Technologies LTD,desterrro@hotmail.com,CN,723,USD
08-Nov-21,Job Done,Ever Technologies LTD,desterrro@hotmail.com,TH,540,USD
06-Oct-21,Job Done,Ever Technologies LTD,desterrro@hotmail.com,RU,376,USD
21-Nov-21,Job Done,Ever Technologies LTD,desterrro@hotmail.com,ID,397,USD
07-Nov-21,Job Done,Ever Technologies LTD,desterrro@hotmail.com,CR,884,USD
11-Nov-21,Job Done,Ever Technologies LTD,desterrro@hotmail.com,AW,504,USD
15-Oct-21,Job Done,Ever Technologies LTD,desterrro@hotmail.com,PT,520,USD
03-Dec-21,Job Done,Ever Technologies LTD,ckhandla94@gmail.com,BR,377,USD
29-Sep-21,Job Done,Ever Technologies LTD,ckhandla94@gmail.com,CU,486,USD
09-Dec-21,Job Done,Ever Technologies LTD,ckhandla94@gmail.com,US,193,USD
29-Nov-21,Job Done,Ever Technologies LTD,ckhandla94@gmail.com,BR,787,USD
03-Jan-22,Job Done,Ever Technologies LTD,ckhandla94@gmail.com,US,975,USD
12-Oct-21,Job Done,Ever Technologies LTD,ckhandla94@gmail.com,CN,900,USD
19-Dec-21,Job Done,Ever Technologies LTD,ckhandla94@gmail.com,CZ,821,USD
27-Dec-21,Job Done,Ever Technologies LTD,ckhandla94@gmail.com,ID,456,USD
23-Dec-21,Job Done,Ever Technologies LTD,ckhandla94@gmail.com,AL,326,USD
23-Oct-21,Job Done,Ever Technologies LTD,ckhandla94@gmail.com,CN,977,USD
27-Nov-21,Job Done,Ever Technologies LTD,ckhandla94@gmail.com,SE,833,USD
19-Jan-22,Job Done,Ever Technologies LTD,ckhandla94@gmail.com,FR,174,USD
06-Dec-21,Job Done,Ever Technologies LTD,ckhandla94@gmail.com,ID,989,USD
22-Dec-21,Job Done,Ever Technologies LTD,ckhandla94@gmail.com,TH,545,USD
04-Oct-21,Job Done,Ever Technologies LTD,ckhandla94@gmail.com,UA,990,USD
22-Dec-21,Job Done,Ever Technologies LTD,ckhandla94@gmail.com,NZ,169,USD
02-Jan-22,Job Done,Ever Technologies LTD,ckhandla94@gmail.com,FR,432,USD
17-Dec-21,Job Done,Ever Technologies LTD,ckhandla94@gmail.com,PH,140,USD
22-Oct-21,Job Done,Ever Technologies LTD,ckhandla94@gmail.com,PH,324,USD
29-Nov-21,Job Done,Ever Technologies LTD,ckhandla94@gmail.com,SE,692,USD
29-Nov-21,Job Done,Ever Technologies LTD,ckhandla94@gmail.com,ID,162,USD
26-Nov-21,Job Done,Ever Technologies LTD,ckhandla94@gmail.com,ID,407,USD
20-Nov-21,Job Done,Ever Technologies LTD,ckhandla94@gmail.com,JP,146,USD
03-Nov-21,Job Done,Ever Technologies LTD,ckhandla94@gmail.com,ID,805,USD
14-Oct-21,Job Done,Ever Technologies LTD,ckhandla94@gmail.com,PH,107,USD
23-Jan-22,Job Done,Ever Technologies LTD,ckhandla94@gmail.com,MM,578,USD
28-Dec-21,Job Done,Ever Technologies LTD,ckhandla94@gmail.com,CZ,944,USD
23-Oct-21,Job Done,Ever Technologies LTD,ckhandla94@gmail.com,PT,427,USD
12-Nov-21,Job Done,Ever Technologies LTD,ckhandla94@gmail.com,ID,514,USD
07-Dec-21,Job Done,Ever Technologies LTD,ckhandla94@gmail.com,ES,786,USD
06-Dec-21,Job Done,Ever Technologies LTD,ckhandla94@gmail.com,CO,977,USD
06-Nov-21,Job Done,Ever Technologies LTD,ckhandla94@gmail.com,PL,251,USD
05-Oct-21,Job Done,Ever Technologies LTD,ckhandla94@gmail.com,CN,844,USD
25-Nov-21,Job Done,Ever Technologies LTD,ckhandla94@gmail.com,ID,853,USD
22-Dec-21,Job Done,Ever Technologies LTD,ckhandla94@gmail.com,PE,845,USD
27-Oct-21,Job Done,Ever Technologies LTD,ckhandla94@gmail.com,GR,435,USD
15-Jan-22,Job Done,Ever Technologies LTD,ckhandla94@gmail.com,RU,638,USD
31-Oct-21,Job Done,Ever Technologies LTD,ckhandla94@gmail.com,ID,565,USD
07-Jan-22,Job Done,Ever Technologies LTD,ckhandla94@gmail.com,AF,852,USD
23-Dec-21,Job Done,Ever Technologies LTD,ckhandla94@gmail.com,AL,938,USD
01-Jan-22,Job Done,Ever Technologies LTD,ckhandla94@gmail.com,RU,202,USD
05-Dec-21,Job Done,Ever Technologies LTD,ckhandla94@gmail.com,CN,214,USD
11-Dec-21,Job Done,Ever Technologies LTD,ckhandla94@gmail.com,JP,603,USD
16-Oct-21,Job Done,Ever Technologies LTD,ckhandla94@gmail.com,BR,464,USD
02-Jan-22,Job Done,Ever Technologies LTD,ckhandla94@gmail.com,SE,280,USD
16-Nov-21,Job Done,Ever Technologies LTD,ckhandla94@gmail.com,RU,387,USD
06-Oct-21,Job Done,Ever Technologies LTD,ckhandla94@gmail.com,TH,546,USD
04-Nov-21,Job Done,Ever Technologies LTD,ckhandla94@gmail.com,TZ,701,USD
09-Dec-21,Job Done,Ever Technologies LTD,ckhandla94@gmail.com,CI,139,USD
01-Oct-21,Job Done,Ever Technologies LTD,ckhandla94@gmail.com,DO,413,USD
23-Nov-21,Job Done,Ever Technologies LTD,yostorono@qwerty.co.ke,RU,435,USD
30-Nov-21,Job Done,Ever Technologies LTD,yostorono@qwerty.co.ke,KZ,375,USD
25-Dec-21,Job Done,Ever Technologies LTD,yostorono@qwerty.co.ke,BR,374,USD
07-Dec-21,Job Done,Ever Technologies LTD,yostorono@qwerty.co.ke,TN,110,USD
16-Dec-21,Job Done,Ever Technologies LTD,yostorono@qwerty.co.ke,AR,127,USD
22-Nov-21,Job Done,Ever Technologies LTD,yostorono@qwerty.co.ke,CN,706,USD
16-Jan-22,Job Done,Ever Technologies LTD,yostorono@qwerty.co.ke,RU,300,USD
03-Oct-21,Job Done,Ever Technologies LTD,yostorono@qwerty.co.ke,SL,232,USD
23-Nov-21,Job Done,Ever Technologies LTD,yostorono@qwerty.co.ke,BR,342,USD
13-Nov-21,Job Done,Ever Technologies LTD,yostorono@qwerty.co.ke,PE,302,USD
27-Oct-21,Job Done,Ever Technologies LTD,yostorono@qwerty.co.ke,CN,920,USD
20-Jan-22,Job Done,Ever Technologies LTD,yostorono@qwerty.co.ke,CN,193,USD
29-Sep-21,Job Done,Ever Technologies LTD,yostorono@qwerty.co.ke,PL,937,USD
20-Oct-21,Job Done,Ever Technologies LTD,yostorono@qwerty.co.ke,FI,684,USD
26-Oct-21,Job Done,Ever Technologies LTD,yostorono@qwerty.co.ke,RU,143,USD
27-Sep-21,Job Done,Ever Technologies LTD,yostorono@qwerty.co.ke,FR,922,USD
23-Jan-22,Job Done,Ever Technologies LTD,yostorono@qwerty.co.ke,ID,660,USD
31-Dec-21,Job Done,Ever Technologies LTD,yostorono@qwerty.co.ke,BZ,730,USD
07-Nov-21,Job Done,Ever Technologies LTD,yostorono@qwerty.co.ke,CN,380,USD
14-Nov-21,Job Done,Ever Technologies LTD,yostorono@qwerty.co.ke,BR,378,USD
31-Oct-21,Job Done,Ever Technologies LTD,yostorono@qwerty.co.ke,SY,273,USD
18-Oct-21,Job Done,Ever Technologies LTD,yostorono@qwerty.co.ke,CN,369,USD
07-Jan-22,Job Done,Ever Technologies LTD,yostorono@qwerty.co.ke,PT,434,USD
22-Jan-22,Job Done,Ever Technologies LTD,yostorono@qwerty.co.ke,UA,796,USD
11-Jan-22,Job Done,Ever Technologies LTD,yostorono@qwerty.co.ke,ID,203,USD
24-Dec-21,Job Done,Ever Technologies LTD,yostorono@qwerty.co.ke,PH,895,USD
31-Oct-21,Job Done,Ever Technologies LTD,yostorono@qwerty.co.ke,CN,701,USD
03-Dec-21,Job Done,Ever Technologies LTD,yostorono@qwerty.co.ke,BR,116,USD
27-Oct-21,Job Done,Ever Technologies LTD,yostorono@qwerty.co.ke,NP,157,USD
06-Dec-21,Job Done,Ever Technologies LTD,yostorono@qwerty.co.ke,CN,907,USD
15-Dec-21,Job Done,Ever Technologies LTD,yostorono@qwerty.co.ke,CN,369,USD
14-Dec-21,Job Done,Ever Technologies LTD,yostorono@qwerty.co.ke,CN,204,USD
25-Dec-21,Job Done,Ever Technologies LTD,yostorono@qwerty.co.ke,CO,116,USD
06-Jan-22,Job Done,Ever Technologies LTD,yostorono@qwerty.co.ke,JM,241,USD
14-Nov-21,Job Done,Ever Technologies LTD,yostorono@qwerty.co.ke,CN,324,USD
26-Jan-22,Job Done,Ever Technologies LTD,yostorono@qwerty.co.ke,PH,373,USD
02-Nov-21,Job Done,Ever Technologies LTD,yostorono@qwerty.co.ke,PH,681,USD
29-Nov-21,Job Done,Ever Technologies LTD,yostorono@qwerty.co.ke,FR,429,USD
12-Nov-21,Job Done,Ever Technologies LTD,yostorono@qwerty.co.ke,BR,378,USD
20-Jan-22,Job Done,Ever Technologies LTD,yostorono@qwerty.co.ke,CN,210,USD
17-Jan-22,Job Done,Ever Technologies LTD,yostorono@qwerty.co.ke,VN,105,USD
06-Nov-21,Job Done,Ever Technologies LTD,yostorono@qwerty.co.ke,ID,314,USD
03-Nov-21,Job Done,Ever Technologies LTD,yostorono@qwerty.co.ke,RU,510,USD
15-Nov-21,Job Done,Ever Technologies LTD,yostorono@qwerty.co.ke,CA,162,USD
08-Dec-21,Job Done,Ever Technologies LTD,yostorono@qwerty.co.ke,CN,551,USD
11-Dec-21,Job Done,Ever Technologies LTD,yostorono@qwerty.co.ke,CN,275,USD
08-Jan-22,Job Done,Ever Technologies LTD,yostorono@qwerty.co.ke,ID,688,USD
18-Oct-21,Job Done,Ever Technologies LTD,yostorono@qwerty.co.ke,ZA,428,USD
22-Jan-22,Job Done,Ever Technologies LTD,yostorono@qwerty.co.ke,ID,445,USD
19-Oct-21,Job Done,Ever Technologies LTD,yostorono@qwerty.co.ke,GR,637,USD
06-Jan-22,Job Done,Ever Technologies LTD,julia@qwerty.co.ke,FR,802,USD
19-Nov-21,Job Done,Ever Technologies LTD,julia@qwerty.co.ke,ID,215,USD
14-Oct-21,Job Done,Ever Technologies LTD,julia@qwerty.co.ke,CN,314,USD
16-Jan-22,Job Done,Ever Technologies LTD,julia@qwerty.co.ke,SY,371,USD
24-Nov-21,Job Done,Ever Technologies LTD,julia@qwerty.co.ke,EE,392,USD
28-Sep-21,Job Done,Ever Technologies LTD,julia@qwerty.co.ke,US,598,USD
01-Jan-22,Job Done,Ever Technologies LTD,julia@qwerty.co.ke,HN,324,USD
14-Nov-21,Job Done,Ever Technologies LTD,julia@qwerty.co.ke,PT,616,USD
22-Nov-21,Job Done,Ever Technologies LTD,julia@qwerty.co.ke,LT,625,USD
07-Oct-21,Job Done,Ever Technologies LTD,julia@qwerty.co.ke,CA,317,USD
18-Dec-21,Job Done,Ever Technologies LTD,julia@qwerty.co.ke,FR,612,USD
07-Oct-21,Job Done,Ever Technologies LTD,julia@qwerty.co.ke,BR,959,USD
18-Oct-21,Job Done,Ever Technologies LTD,julia@qwerty.co.ke,TJ,335,USD
10-Oct-21,Job Done,Ever Technologies LTD,julia@qwerty.co.ke,MR,598,USD
06-Jan-22,Job Done,Ever Technologies LTD,julia@qwerty.co.ke,DO,163,USD
26-Dec-21,Job Done,Ever Technologies LTD,julia@qwerty.co.ke,PH,112,USD
29-Dec-21,Job Done,Ever Technologies LTD,julia@qwerty.co.ke,FM,238,USD
03-Dec-21,Job Done,Ever Technologies LTD,julia@qwerty.co.ke,PL,390,USD
23-Jan-22,Job Done,Ever Technologies LTD,julia@qwerty.co.ke,PL,398,USD
18-Jan-22,Job Done,Ever Technologies LTD,julia@qwerty.co.ke,RU,958,USD
20-Nov-21,Job Done,Ever Technologies LTD,julia@qwerty.co.ke,ZA,632,USD
20-Nov-21,Job Done,Ever Technologies LTD,julia@qwerty.co.ke,ID,387,USD
10-Oct-21,Job Done,Ever Technologies LTD,julia@qwerty.co.ke,PH,287,USD
10-Dec-21,Job Done,Ever Technologies LTD,julia@qwerty.co.ke,UG,746,USD
21-Oct-21,Job Done,Ever Technologies LTD,julia@qwerty.co.ke,PL,274,USD
04-Jan-22,Job Done,Ever Technologies LTD,julia@qwerty.co.ke,CN,971,USD
04-Dec-21,Job Done,Ever Technologies LTD,julia@qwerty.co.ke,IL,660,USD
13-Jan-22,Job Done,Ever Technologies LTD,julia@qwerty.co.ke,ID,134,USD
03-Jan-22,Job Done,Ever Technologies LTD,julia@qwerty.co.ke,IR,834,USD
07-Dec-21,Job Done,Ever Technologies LTD,julia@qwerty.co.ke,GR,405,USD
21-Oct-21,Job Done,Ever Technologies LTD,julia@qwerty.co.ke,AR,531,USD
28-Nov-21,Job Done,Ever Technologies LTD,julia@qwerty.co.ke,ID,737,USD
05-Jan-22,Job Done,Ever Technologies LTD,julia@qwerty.co.ke,LV,424,USD
06-Dec-21,Job Done,Ever Technologies LTD,julia@qwerty.co.ke,CN,615,USD
11-Jan-22,Job Done,Ever Technologies LTD,julia@qwerty.co.ke,SE,399,USD
01-Jan-22,Job Done,Ever Technologies LTD,julia@qwerty.co.ke,US,576,USD
24-Jan-22,Job Done,Ever Technologies LTD,julia@qwerty.co.ke,ZW,928,USD
30-Dec-21,Job Done,Ever Technologies LTD,julia@qwerty.co.ke,JP,901,USD
19-Oct-21,Job Done,Ever Technologies LTD,julia@qwerty.co.ke,PT,806,USD
30-Dec-21,Job Done,Ever Technologies LTD,julia@qwerty.co.ke,CN,301,USD
10-Oct-21,Job Done,Ever Technologies LTD,julia@qwerty.co.ke,US,358,USD
08-Dec-21,Job Done,Ever Technologies LTD,julia@qwerty.co.ke,RU,330,USD
16-Nov-21,Job Done,Ever Technologies LTD,julia@qwerty.co.ke,CN,136,USD
27-Sep-21,Job Done,Ever Technologies LTD,julia@qwerty.co.ke,PE,639,USD
13-Jan-22,Job Done,Ever Technologies LTD,julia@qwerty.co.ke,ID,971,USD
21-Nov-21,Job Done,Ever Technologies LTD,julia@qwerty.co.ke,ID,145,USD
22-Nov-21,Job Done,Ever Technologies LTD,julia@qwerty.co.ke,PH,907,USD
21-Nov-21,Job Done,Ever Technologies LTD,julia@qwerty.co.ke,RU,538,USD
11-Jan-22,Job Done,Ever Technologies LTD,julia@qwerty.co.ke,MU,781,USD
16-Nov-21,Job Done,Ever Technologies LTD,julia@qwerty.co.ke,ID,208,USD
07-Dec-21,Job Done,Ever Technologies LTD,julia@qwerty.co.ke,CN,646,USD
17-Dec-21,Job Done,Ever Technologies LTD,julia@qwerty.co.ke,CN,926,USD
02-Oct-21,Job Done,Ever Technologies LTD,julia@qwerty.co.ke,PH,561,USD
19-Dec-21,Job Done,Ever Technologies LTD,julia@qwerty.co.ke,PK,913,USD
01-Nov-21,Job Done,Ever Technologies LTD,julia@qwerty.co.ke,ID,974,USD
29-Oct-21,Job Done,Ever Technologies LTD,julia@qwerty.co.ke,EE,965,USD
17-Nov-21,Job Done,Ever Technologies LTD,julia@qwerty.co.ke,PE,651,USD
24-Oct-21,Job Done,Ever Technologies LTD,julia@qwerty.co.ke,BG,763,USD
29-Dec-21,Job Done,Ever Technologies LTD,julia@qwerty.co.ke,AL,843,USD
18-Dec-21,Job Done,Ever Technologies LTD,julia@qwerty.co.ke,JP,206,USD
10-Jan-22,Job Done,Ever Technologies LTD,julia@qwerty.co.ke,JP,619,USD
30-Oct-21,Job Done,Ever Technologies LTD,julia@qwerty.co.ke,ID,448,USD
29-Sep-21,Job Done,Ever Technologies LTD,julia@qwerty.co.ke,CN,839,USD
20-Dec-21,Job Done,Ever Technologies LTD,julia@qwerty.co.ke,CN,271,USD
27-Sep-21,Job Done,Ever Technologies LTD,julia@qwerty.co.ke,ID,486,USD
08-Oct-21,Job Done,Ever Technologies LTD,julia@qwerty.co.ke,BR,647,USD
07-Dec-21,Job Done,Ever Technologies LTD,julia@qwerty.co.ke,AG,872,USD
01-Oct-21,Job Done,Ever Technologies LTD,julia@qwerty.co.ke,PH,463,USD
19-Nov-21,Job Done,Ever Technologies LTD,julia@qwerty.co.ke,RS,490,USD
28-Oct-21,Job Done,Ever Technologies LTD,julia@qwerty.co.ke,PL,159,USD
30-Sep-21,Job Done,Ever Technologies LTD,julia@qwerty.co.ke,ID,574,USD
25-Nov-21,Job Done,Ever Technologies LTD,julia@qwerty.co.ke,PE,917,USD
17-Dec-21,Job Done,Ever Technologies LTD,julia@qwerty.co.ke,CN,767,USD
10-Oct-21,Job Done,Ever Technologies LTD,julia@qwerty.co.ke,CO,950,USD
16-Jan-22,Job Done,Ever Technologies LTD,julia@qwerty.co.ke,BR,342,USD
02-Nov-21,Job Done,Ever Technologies LTD,julia@qwerty.co.ke,NO,911,USD
04-Dec-21,Job Done,Ever Technologies LTD,julia@qwerty.co.ke,AR,571,USD
30-Nov-21,Job Done,Ever Technologies LTD,julia@qwerty.co.ke,MY,781,USD
20-Jan-22,Job Done,Ever Technologies LTD,julia@qwerty.co.ke,TN,173,USD
19-Nov-21,Job Done,Ever Technologies LTD,julia@qwerty.co.ke,CN,768,USD
24-Oct-21,Job Done,Ever Technologies LTD,julia@qwerty.co.ke,ID,199,USD
20-Dec-21,Job Done,Ever Technologies LTD,julia@qwerty.co.ke,TT,309,USD
02-Nov-21,Job Done,Ever Technologies LTD,julia@qwerty.co.ke,BR,411,USD
27-Dec-21,Job Done,Ever Technologies LTD,julia@qwerty.co.ke,CU,449,USD
30-Oct-21,Job Done,Ever Technologies LTD,julia@qwerty.co.ke,MY,457,USD
08-Dec-21,Job Done,Ever Technologies LTD,julia@qwerty.co.ke,CN,988,USD
25-Oct-21,Job Done,Ever Technologies LTD,julia@qwerty.co.ke,ID,725,USD
26-Oct-21,Job Done,Ever Technologies LTD,julia@qwerty.co.ke,CN,746,USD
09-Dec-21,Job Done,Ever Technologies LTD,julia@qwerty.co.ke,ID,856,USD
17-Nov-21,Job Done,Ever Technologies LTD,julia@qwerty.co.ke,ID,595,USD
18-Dec-21,Job Done,Ever Technologies LTD,julia@qwerty.co.ke,PE,456,USD
09-Oct-21,Job Done,Ever Technologies LTD,julia@qwerty.co.ke,IS,169,USD
17-Jan-22,Job Done,Ever Technologies LTD,julia@qwerty.co.ke,CN,677,USD
11-Nov-21,Job Done,Ever Technologies LTD,julia@qwerty.co.ke,PH,684,USD
10-Jan-22,Job Done,Ever Technologies LTD,julia@qwerty.co.ke,ID,392,USD
21-Dec-21,Job Done,Ever Technologies LTD,julia@qwerty.co.ke,RU,565,USD
06-Oct-21,Job Done,Ever Technologies LTD,julia@qwerty.co.ke,CN,135,USD
05-Dec-21,Job Done,Ever Technologies LTD,julia@qwerty.co.ke,CN,463,USD
31-Dec-21,Job Done,Ever Technologies LTD,julia@qwerty.co.ke,ID,920,USD
17-Oct-21,Job Done,Ever Technologies LTD,julia@qwerty.co.ke,ID,935,USD
06-Dec-21,Job Done,Ever Technologies LTD,julia@qwerty.co.ke,ID,500,USD
22-Jan-22,Job Done,Ever Technologies LTD,julia@qwerty.co.ke,CU,426,USD
01-Nov-21,Job Done,Ever Technologies LTD,julia@qwerty.co.ke,FO,208,USD
23-Oct-21,Job Done,Ever Technologies LTD,julia@qwerty.co.ke,SI,842,USD
20-Oct-21,Job Done,Ever Technologies LTD,julia@qwerty.co.ke,CZ,912,USD
25-Oct-21,Job Done,Ever Technologies LTD,julia@qwerty.co.ke,PK,743,USD
20-Jan-22,Job Done,Ever Technologies LTD,julia@qwerty.co.ke,CN,160,USD
07-Nov-21,Job Done,Ever Technologies LTD,julia@qwerty.co.ke,PE,312,USD
02-Nov-21,Job Done,Ever Technologies LTD,julia@qwerty.co.ke,ID,699,USD
21-Nov-21,Job Done,Ever Technologies LTD,julia@qwerty.co.ke,RU,614,USD
30-Dec-21,Job Done,Ever Technologies LTD,julia@qwerty.co.ke,UA,703,USD
29-Nov-21,Job Done,Ever Technologies LTD,julia@qwerty.co.ke,PH,413,USD
25-Jan-22,Job Done,Ever Technologies LTD,julia@qwerty.co.ke,CN,876,USD
21-Nov-21,Job Done,Ever Technologies LTD,julia@qwerty.co.ke,FR,519,USD
14-Nov-21,Job Done,Ever Technologies LTD,julia@qwerty.co.ke,UA,501,USD
13-Oct-21,Job Done,Ever Technologies LTD,julia@qwerty.co.ke,RU,975,USD
13-Nov-21,Job Done,Ever Technologies LTD,julia@qwerty.co.ke,HT,441,USD
23-Oct-21,Job Done,Ever Technologies LTD,julia@qwerty.co.ke,ID,125,USD
19-Nov-21,Job Done,Ever Technologies LTD,julia@qwerty.co.ke,CN,517,USD
06-Oct-21,Job Done,Ever Technologies LTD,julia@qwerty.co.ke,RU,323,USD
11-Oct-21,Job Done,Ever Technologies LTD,julia@qwerty.co.ke,EC,504,USD
04-Dec-21,Job Done,Ever Technologies LTD,julia@qwerty.co.ke,HT,901,USD
02-Dec-21,Job Done,Ever Technologies LTD,julia@qwerty.co.ke,RU,366,USD
07-Nov-21,Job Done,Ever Technologies LTD,julia@qwerty.co.ke,CM,329,USD
29-Dec-21,Job Done,Ever Technologies LTD,julia@qwerty.co.ke,ID,336,USD
11-Dec-21,Job Done,Ever Technologies LTD,julia@qwerty.co.ke,RU,833,USD
30-Sep-21,Job Done,Ever Technologies LTD,julia@qwerty.co.ke,CN,458,USD
31-Oct-21,Job Done,Ever Technologies LTD,julia@qwerty.co.ke,CN,262,USD
17-Dec-21,Job Done,Ever Technologies LTD,julia@qwerty.co.ke,WS,172,USD
01-Jan-22,Job Done,Ever Technologies LTD,julia@qwerty.co.ke,CN,577,USD
17-Dec-21,Job Done,Ever Technologies LTD,julia@qwerty.co.ke,MK,152,USD
06-Nov-21,Job Done,Ever Technologies LTD,julia@qwerty.co.ke,RU,328,USD
11-Oct-21,Job Done,Ever Technologies LTD,julia@qwerty.co.ke,CA,483,USD
19-Jan-22,Job Done,Ever Technologies LTD,julia@qwerty.co.ke,ID,556,USD
06-Dec-21,Job Done,Ever Technologies LTD,julia@qwerty.co.ke,CN,999,USD
08-Nov-21,Job Done,Ever Technologies LTD,julia@qwerty.co.ke,PL,161,USD
30-Oct-21,Job Done,Ever Technologies LTD,julia@qwerty.co.ke,AZ,207,USD
16-Oct-21,Job Done,Ever Technologies LTD,julia@qwerty.co.ke,US,512,USD
01-Jan-22,Job Done,Ever Technologies LTD,julia@qwerty.co.ke,EG,722,USD
15-Jan-22,Job Done,Ever Technologies LTD,julia@qwerty.co.ke,PL,419,USD
20-Oct-21,Job Done,Ever Technologies LTD,julia@qwerty.co.ke,CN,967,USD
17-Dec-21,Job Done,Ever Technologies LTD,julia@qwerty.co.ke,CN,194,USD
22-Jan-22,Job Done,Ever Technologies LTD,julia@qwerty.co.ke,PH,277,USD
23-Jan-22,Job Done,Ever Technologies LTD,julia@qwerty.co.ke,BD,651,USD
18-Jan-22,Job Done,Ever Technologies LTD,julia@qwerty.co.ke,RU,401,USD
01-Nov-21,Job Done,Ever Technologies LTD,julia@qwerty.co.ke,SE,980,USD
05-Nov-21,Job Done,Ever Technologies LTD,julia@qwerty.co.ke,US,880,USD
18-Oct-21,Job Done,Ever Technologies LTD,julia@qwerty.co.ke,PH,572,USD
03-Oct-21,Job Done,Ever Technologies LTD,julia@qwerty.co.ke,ID,523,USD
30-Nov-21,Job Done,Ever Technologies LTD,julia@qwerty.co.ke,CO,289,USD
05-Nov-21,Job Done,Ever Technologies LTD,julia@qwerty.co.ke,PL,500,USD
05-Dec-21,Job Done,Ever Technologies LTD,julia@qwerty.co.ke,RU,572,USD
15-Nov-21,Job Done,Ever Technologies LTD,julia@qwerty.co.ke,JP,148,USD
25-Oct-21,Job Done,Ever Technologies LTD,julia@qwerty.co.ke,CA,634,USD
08-Dec-21,Job Done,Ever Technologies LTD,julia@qwerty.co.ke,PL,747,USD
23-Nov-21,Job Done,Ever Technologies LTD,julia@qwerty.co.ke,UA,306,USD
10-Oct-21,Job Done,Ever Technologies LTD,julia@qwerty.co.ke,CL,103,USD
01-Jan-22,Job Done,Ever Technologies LTD,julia@qwerty.co.ke,PK,234,USD
02-Nov-21,Job Done,Ever Technologies LTD,julia@qwerty.co.ke,CN,107,USD
08-Jan-22,Job Done,Ever Technologies LTD,julia@qwerty.co.ke,SY,586,USD
26-Dec-21,Job Done,Ever Technologies LTD,julia@qwerty.co.ke,PT,881,USD
03-Jan-22,Job Done,Ever Technologies LTD,julia@qwerty.co.ke,MA,664,USD
25-Nov-21,Job Done,Ever Technologies LTD,julia@qwerty.co.ke,FR,714,USD
26-Nov-21,Job Done,Ever Technologies LTD,julia@qwerty.co.ke,SY,333,USD
13-Nov-21,Job Done,Ever Technologies LTD,julia@qwerty.co.ke,RU,362,USD
24-Jan-22,Job Done,Ever Technologies LTD,julia@qwerty.co.ke,NL,874,USD
17-Dec-21,Job Done,Ever Technologies LTD,julia@qwerty.co.ke,UA,774,USD
24-Jan-22,Job Done,Ever Technologies LTD,julia@qwerty.co.ke,US,568,USD
15-Oct-21,Job Done,Ever Technologies LTD,julia@qwerty.co.ke,AM,211,USD
05-Oct-21,Job Done,Ever Technologies LTD,julia@qwerty.co.ke,PE,920,USD
09-Oct-21,Job Done,Ever Technologies LTD,julia@qwerty.co.ke,RU,931,USD
